7.1914 	INFO 	Loaded monitor calibration from ['2026_09_21 04:14']
7.2798 	WARNING 	User requested fullscreen with size [1440  900], but screen is actually [1920, 1080]. Using actual size
7.6639 	INFO 	Using renderer 'AMD Radeon RX 7900 XT' for graphics
7.6640 	INFO 	OpenGL version supported by driver is 4..
7.7424 	DEBUG 	TextBox2 loaded 1 chars with 0 blanks and 1 valid
7.7521 	DEBUG 	TextBox2 loaded 1 chars with 0 blanks and 1 valid
7.7617 	DEBUG 	TextBox2 loaded 1 chars with 0 blanks and 1 valid
7.7720 	DEBUG 	TextBox2 loaded 1 chars with 0 blanks and 1 valid
7.7819 	DEBUG 	TextBox2 loaded 1 chars with 0 blanks and 1 valid
7.7912 	DEBUG 	TextBox2 loaded 1 chars with 0 blanks and 1 valid
7.8018 	DEBUG 	TextBox2 loaded 1 chars with 0 blanks and 1 valid
7.8120 	DEBUG 	TextBox2 loaded 1 chars with 0 blanks and 1 valid
7.8209 	DEBUG 	TextBox2 loaded 1 chars with 0 blanks and 1 valid
7.8301 	DEBUG 	TextBox2 loaded 1 chars with 0 blanks and 1 valid
7.8403 	DEBUG 	TextBox2 loaded 1 chars with 0 blanks and 1 valid
7.8499 	DEBUG 	TextBox2 loaded 1 chars with 0 blanks and 1 valid
7.8598 	DEBUG 	TextBox2 loaded 1 chars with 0 blanks and 1 valid
7.8697 	DEBUG 	TextBox2 loaded 1 chars with 0 blanks and 1 valid
7.8792 	DEBUG 	TextBox2 loaded 1 chars with 0 blanks and 1 valid
7.8890 	DEBUG 	TextBox2 loaded 1 chars with 0 blanks and 1 valid
7.8986 	DEBUG 	TextBox2 loaded 1 chars with 0 blanks and 1 valid
7.9086 	DEBUG 	TextBox2 loaded 1 chars with 0 blanks and 1 valid
7.9184 	DEBUG 	TextBox2 loaded 1 chars with 0 blanks and 1 valid
7.9292 	DEBUG 	TextBox2 loaded 1 chars with 0 blanks and 1 valid
7.9384 	DEBUG 	TextBox2 loaded 1 chars with 0 blanks and 1 valid
7.9389 	DEBUG 	Uploading Texture Font fontname to graphics card
7.9406 	DEBUG 	Upload of Texture Font fontname complete
7.9620 	DEBUG 	TextBox2 loaded 1 chars with 0 blanks and 1 valid
7.9728 	DEBUG 	TextBox2 loaded 1 chars with 0 blanks and 1 valid
7.9830 	DEBUG 	TextBox2 loaded 1 chars with 0 blanks and 1 valid
7.9836 	DEBUG 	Uploading Texture Font fontname to graphics card
7.9854 	DEBUG 	Upload of Texture Font fontname complete
8.9512 	EXP 	Created window1 = Window(allowGUI=False, allowStencil=False, autoLog=True, backendConf=UNKNOWN, backgroundFit=<method-wrapper '__getattribute__' of attributeSetter object at 0x0000025B9EAE2560>, backgroundImage=<method-wrapper '__getattribute__' of attributeSetter object at 0x0000025B9EAE25C0>, bitsMode=UNKNOWN, blendMode='avg', bpc=(8, 8, 8), color=array([0, 0, 0]), colorSpace='rgb', depthBits=8, fullscr=True, gamma=None, gammaErrorPolicy='raise', infoMsg=UNKNOWN, lms=UNKNOWN, monitor=<psychopy.monitors.calibTools.Monitor object at 0x0000025BA003B1C0>, multiSample=False, name='window1', numSamples=2, pos=(0, 0), screen=0, size=array([1920, 1080]), stencilBits=0, stereo=False, title='PsychoPy', units='height', useFBO=True, useRetina=False, viewOri=0.0, viewPos=None, viewScale=None, waitBlanking=True, winType='pyglet')
8.9512 	EXP 	window1: backgroundImage = None
8.9513 	EXP 	window1: backgroundFit = 'cover'
8.9530 	EXP 	window1: Attempting to measure frame rate of screen (0) ...
8.9530 	EXP 	window1: recordFrameIntervals = False
9.0340 	EXP 	window1: recordFrameIntervals = True
9.3276 	WARNING 	t of last frame was 10.37ms (=1/96)
9.5280 	WARNING 	t of last frame was 10.62ms (=1/94)
9.5772 	WARNING 	t of last frame was 10.07ms (=1/99)
9.8678 	EXP 	window1: recordFrameIntervals = False
9.8679 	EXP 	Screen (0) actual frame rate measured at 119.59Hz
10.2030 	INFO 	keyboard.Keyboard is using ptb backend.
10.3327 	EXP 	Created fixation = TextStim(__class__=<class 'psychopy.visual.text.TextStim'>, alignHoriz=method-wrapper(...), alignText='center', alignVert=method-wrapper(...), anchorHoriz='center', anchorVert='center', antialias=True, autoDraw=False, autoLog=True, bold=False, color=array([1., 1., 1.]), colorSpace='rgb', contrast=1.0, depth=0.0, draggable=False, flipHoriz=False, flipVert=False, font='Arial', fontFiles=[], height=np.float64(0.12), italic=False, languageStyle='LTR', name='fixation', opacity=1, ori=0, pos=array([0., 0.]), rgb=UNKNOWN, text='+', units='height', win=Window(...), wrapWidth=1)
10.3345 	EXP 	Created maze_image = ImageStim(__class__=<class 'psychopy.visual.image.ImageStim'>, anchor=('center', 'center'), autoLog=True, color=array([1., 1., 1.]), colorSpace='rgb', contrast=1.0, depth=0.0, draggable=False, flipHoriz=np.False_, flipVert=np.False_, image='sin', interpolate=True, mask=None, maskParams=None, name='maze_image', opacity=1, ori=0.0, pos=array([ 0.  , -0.03]), size=array([0.75, 0.75]), texRes=128.0, units='height', win=Window(...))
10.3406 	EXP 	Created maze_title_stim = TextStim(__class__=<class 'psychopy.visual.text.TextStim'>, alignHoriz=method-wrapper(...), alignText='center', alignVert=method-wrapper(...), anchorHoriz='center', anchorVert='center', antialias=True, autoDraw=False, autoLog=True, bold=False, color=array([1., 1., 1.]), colorSpace='rgb', contrast=1.0, depth=-1.0, draggable=False, flipHoriz=False, flipVert=False, font='Arial', fontFiles=[], height=np.float64(0.048), italic=False, languageStyle='LTR', name='maze_title_stim', opacity=1, ori=0, pos=array([0.  , 0.43]), rgb=UNKNOWN, text='Example Practice Maze', units='height', win=Window(...), wrapWidth=1.4)
10.3416 	EXP 	Created env_maze_image = ImageStim(__class__=<class 'psychopy.visual.image.ImageStim'>, anchor=('center', 'center'), autoLog=True, color=array([1., 1., 1.]), colorSpace='rgb', contrast=1.0, depth=-2.0, draggable=False, flipHoriz=np.False_, flipVert=np.False_, image='sin', interpolate=True, mask=None, maskParams=None, name='env_maze_image', opacity=1, ori=0.0, pos=array([ 0.  , -0.06]), size=array([0.72, 0.72]), texRes=128.0, units='height', win=Window(...))
10.3421 	EXP 	Created env_label = TextStim(__class__=<class 'psychopy.visual.text.TextStim'>, alignHoriz=method-wrapper(...), alignText='center', alignVert=method-wrapper(...), anchorHoriz='center', anchorVert='center', antialias=True, autoDraw=False, autoLog=True, bold=False, color=array([1., 1., 1.]), colorSpace='rgb', contrast=1.0, depth=0.0, draggable=False, flipHoriz=False, flipVert=False, font='Arial', fontFiles=[], height=0.048, italic=False, languageStyle='LTR', name='env_label', opacity=1, ori=0, pos=array([0.  , 0.43]), rgb=UNKNOWN, text='', units='height', win=Window(...), wrapWidth=1.4)
10.3480 	EXP 	Created env_advance = TextStim(__class__=<class 'psychopy.visual.text.TextStim'>, alignHoriz=method-wrapper(...), alignText='center', alignVert=method-wrapper(...), anchorHoriz='center', anchorVert='center', antialias=True, autoDraw=False, autoLog=True, bold=False, color=array([1., 1., 1.]), colorSpace='rgb', contrast=1.0, depth=-1.0, draggable=False, flipHoriz=False, flipVert=False, font='Arial', fontFiles=[], height=np.float64(0.038), italic=False, languageStyle='LTR', name='env_advance', opacity=1, ori=0, pos=array([ 0.  , -0.46]), rgb=UNKNOWN, text='Press any number to continue.', units='height', win=Window(...), wrapWidth=1)
10.3489 	EXP 	Created question_text = TextStim(__class__=<class 'psychopy.visual.text.TextStim'>, alignHoriz=method-wrapper(...), alignText='center', alignVert=method-wrapper(...), anchorHoriz='center', anchorVert='center', antialias=True, autoDraw=False, autoLog=True, bold=False, color=array([-1., -1., -1.]), colorSpace='rgb', contrast=1.0, depth=0.0, draggable=False, flipHoriz=False, flipVert=False, font='Arial', fontFiles=[], height=0.055, italic=False, languageStyle='LTR', name='question_text', opacity=1, ori=0, pos=array([0. , 0.4]), rgb=UNKNOWN, text='', units='height', win=Window(...), wrapWidth=1.5)
10.3499 	EXP 	Created cue_image = ImageStim(__class__=<class 'psychopy.visual.image.ImageStim'>, anchor=('center', 'center'), autoLog=True, color=array([1., 1., 1.]), colorSpace='rgb', contrast=1.0, depth=-1.0, draggable=False, flipHoriz=np.False_, flipVert=np.False_, image='sin', interpolate=True, mask=None, maskParams=None, name='cue_image', opacity=1, ori=0.0, pos=array([0.  , 0.12]), size=array([0.25, 0.25]), texRes=512, units='height', win=Window(...))
10.3506 	EXP 	Created cue_label_stim = TextStim(__class__=<class 'psychopy.visual.text.TextStim'>, alignHoriz=method-wrapper(...), alignText='center', alignVert=method-wrapper(...), anchorHoriz='center', anchorVert='center', antialias=True, autoDraw=False, autoLog=True, bold=False, color=array([-1., -1., -1.]), colorSpace='rgb', contrast=1.0, depth=-2.0, draggable=False, flipHoriz=False, flipVert=False, font='Arial', fontFiles=[], height=0.042, italic=False, languageStyle='LTR', name='cue_label_stim', opacity=1, ori=0, pos=array([ 0.  , -0.02]), rgb=UNKNOWN, text='', units='height', win=Window(...), wrapWidth=0.5)
10.3515 	EXP 	Created left_image = ImageStim(__class__=<class 'psychopy.visual.image.ImageStim'>, anchor=('center', 'center'), autoLog=True, color=array([1., 1., 1.]), colorSpace='rgb', contrast=1.0, depth=-3.0, draggable=False, flipHoriz=np.False_, flipVert=np.False_, image='sin', interpolate=True, mask=None, maskParams=None, name='left_image', opacity=1, ori=0.0, pos=array([-0.22, -0.22]), size=array([0.22, 0.22]), texRes=512, units='height', win=Window(...))
10.3520 	EXP 	Created left_label_stim = TextStim(__class__=<class 'psychopy.visual.text.TextStim'>, alignHoriz=method-wrapper(...), alignText='center', alignVert=method-wrapper(...), anchorHoriz='center', anchorVert='center', antialias=True, autoDraw=False, autoLog=True, bold=False, color=array([-1., -1., -1.]), colorSpace='rgb', contrast=1.0, depth=-4.0, draggable=False, flipHoriz=False, flipVert=False, font='Arial', fontFiles=[], height=0.042, italic=False, languageStyle='LTR', name='left_label_stim', opacity=1, ori=0, pos=array([-0.22, -0.36]), rgb=UNKNOWN, text='', units='height', win=Window(...), wrapWidth=0.35)
10.3530 	EXP 	Created right_image = ImageStim(__class__=<class 'psychopy.visual.image.ImageStim'>, anchor=('center', 'center'), autoLog=True, color=array([1., 1., 1.]), colorSpace='rgb', contrast=1.0, depth=-5.0, draggable=False, flipHoriz=np.False_, flipVert=np.False_, image='sin', interpolate=True, mask=None, maskParams=None, name='right_image', opacity=1, ori=0.0, pos=array([ 0.22, -0.22]), size=array([0.22, 0.22]), texRes=512, units='height', win=Window(...))
10.3534 	EXP 	Created right_label_stim = TextStim(__class__=<class 'psychopy.visual.text.TextStim'>, alignHoriz=method-wrapper(...), alignText='center', alignVert=method-wrapper(...), anchorHoriz='center', anchorVert='center', antialias=True, autoDraw=False, autoLog=True, bold=False, color=array([-1., -1., -1.]), colorSpace='rgb', contrast=1.0, depth=-6.0, draggable=False, flipHoriz=False, flipVert=False, font='Arial', fontFiles=[], height=0.042, italic=False, languageStyle='LTR', name='right_label_stim', opacity=1, ori=0, pos=array([ 0.22, -0.36]), rgb=UNKNOWN, text='', units='height', win=Window(...), wrapWidth=0.35)
10.3541 	EXP 	Created fb_text_left = TextStim(__class__=<class 'psychopy.visual.text.TextStim'>, alignHoriz=method-wrapper(...), alignText='center', alignVert=method-wrapper(...), anchorHoriz='center', anchorVert='center', antialias=True, autoDraw=False, autoLog=True, bold=False, color=array([0.  , 0.32, 0.  ]), colorSpace='rgb', contrast=1.0, depth=0.0, draggable=False, flipHoriz=False, flipVert=False, font='Arial', fontFiles=[], height=0.046, italic=False, languageStyle='LTR', name='fb_text_left', opacity=1, ori=0, pos=array([-0.65,  0.02]), rgb=UNKNOWN, text='', units='height', win=Window(...), wrapWidth=0.25)
10.3542 	WARNING 	lineColorSpace parameter is deprecated. Please use colorSpace instead.
10.3564 	EXP 	Created fb_line_left = Line(__class__=<class 'psychopy.visual.line.Line'>, anchor=('center', 'center'), autoDraw=False, autoLog=True, closeShape=False, color=array([0.  , 0.32, 0.  ]), colorSpace='rgb', contrast=None, depth=0, draggable=False, fillColor=ndarray(...), fillColorSpace='rgb', fillRGB=ndarray(...), interpolate=True, lineColor=array([0.  , 0.32, 0.  ]), lineColorSpace='rgb', lineRGB=array([0.  , 0.32, 0.  ]), lineWidth=3.0, name='fb_line_left', opacity=1, ori=0.0, pos=array([0., 0.]), size=array([1., 1.]), units='height', vertices=array([[-0.52, -0.07],
       [-0.35, -0.17]]), win=Window(...), windingRule=None)
10.3566 	WARNING 	fillColorSpace parameter is deprecated. Please use colorSpace instead.
10.3566 	WARNING 	lineColorSpace parameter is deprecated. Please use colorSpace instead.
10.3572 	EXP 	Created fb_head_left = ShapeStim(__class__=<class 'psychopy.visual.shape.ShapeStim'>, anchor=('center', 'center'), autoDraw=False, autoLog=True, closeShape=True, color=method-wrapper(...), colorSpace='rgb', contrast=None, depth=-1.0, draggable=False, fillColor=array([0.  , 0.32, 0.  ]), fillColorSpace='rgb', fillRGB=array([0.  , 0.32, 0.  ]), interpolate=True, lineColor=array([0.  , 0.32, 0.  ]), lineColorSpace='rgb', lineRGB=array([0.  , 0.32, 0.  ]), lineWidth=1.5, name='fb_head_left', opacity=1, ori=0.0, pos=array([0., 0.]), size=array([1., 1.]), units='height', vertices=ndarray(...), win=Window(...), windingRule=None)
10.3576 	EXP 	Created fb_text_right = TextStim(__class__=<class 'psychopy.visual.text.TextStim'>, alignHoriz=method-wrapper(...), alignText='center', alignVert=method-wrapper(...), anchorHoriz='center', anchorVert='center', antialias=True, autoDraw=False, autoLog=True, bold=False, color=array([0.  , 0.32, 0.  ]), colorSpace='rgb', contrast=1.0, depth=0.0, draggable=False, flipHoriz=False, flipVert=False, font='Arial', fontFiles=[], height=0.046, italic=False, languageStyle='LTR', name='fb_text_right', opacity=1, ori=0, pos=array([0.65, 0.02]), rgb=UNKNOWN, text='', units='height', win=Window(...), wrapWidth=0.25)
10.3576 	WARNING 	lineColorSpace parameter is deprecated. Please use colorSpace instead.
10.3581 	EXP 	Created fb_line_right = Line(__class__=<class 'psychopy.visual.line.Line'>, anchor=('center', 'center'), autoDraw=False, autoLog=True, closeShape=False, color=array([0.  , 0.32, 0.  ]), colorSpace='rgb', contrast=None, depth=0, draggable=False, fillColor=ndarray(...), fillColorSpace='rgb', fillRGB=ndarray(...), interpolate=True, lineColor=array([0.  , 0.32, 0.  ]), lineColorSpace='rgb', lineRGB=array([0.  , 0.32, 0.  ]), lineWidth=3.0, name='fb_line_right', opacity=1, ori=0.0, pos=array([0., 0.]), size=array([1., 1.]), units='height', vertices=array([[ 0.52, -0.07],
       [ 0.35, -0.17]]), win=Window(...), windingRule=None)
10.3582 	WARNING 	fillColorSpace parameter is deprecated. Please use colorSpace instead.
10.3582 	WARNING 	lineColorSpace parameter is deprecated. Please use colorSpace instead.
10.3588 	EXP 	Created fb_head_right = ShapeStim(__class__=<class 'psychopy.visual.shape.ShapeStim'>, anchor=('center', 'center'), autoDraw=False, autoLog=True, closeShape=True, color=method-wrapper(...), colorSpace='rgb', contrast=None, depth=-1.0, draggable=False, fillColor=array([0.  , 0.32, 0.  ]), fillColorSpace='rgb', fillRGB=array([0.  , 0.32, 0.  ]), interpolate=True, lineColor=array([0.  , 0.32, 0.  ]), lineColorSpace='rgb', lineRGB=array([0.  , 0.32, 0.  ]), lineWidth=1.5, name='fb_head_right', opacity=1, ori=0.0, pos=array([0., 0.]), size=array([1., 1.]), units='height', vertices=ndarray(...), win=Window(...), windingRule=None)
10.3682 	EXP 	Created thankyou = TextStim(__class__=<class 'psychopy.visual.text.TextStim'>, alignHoriz=method-wrapper(...), alignText='center', alignVert=method-wrapper(...), anchorHoriz='center', anchorVert='center', antialias=True, autoDraw=False, autoLog=True, bold=False, color=array([1., 1., 1.]), colorSpace='rgb', contrast=1.0, depth=0.0, draggable=False, flipHoriz=False, flipVert=False, font='Arial', fontFiles=[], height=np.float64(0.06), italic=False, languageStyle='LTR', name='thankyou', opacity=1, ori=0, pos=array([0. , 0.1]), rgb=UNKNOWN, text=str(...), units='height', win=Window(...), wrapWidth=1)
10.3733 	EXP 	Created finalslide = TextStim(__class__=<class 'psychopy.visual.text.TextStim'>, alignHoriz=method-wrapper(...), alignText='center', alignVert=method-wrapper(...), anchorHoriz='center', anchorVert='center', antialias=True, autoDraw=False, autoLog=True, bold=False, color=array([1., 1., 1.]), colorSpace='rgb', contrast=1.0, depth=-1.0, draggable=False, flipHoriz=False, flipVert=False, font='Arial', fontFiles=[], height=np.float64(0.04), italic=False, languageStyle='LTR', name='finalslide', opacity=1, ori=0, pos=array([ 0. , -0.2]), rgb=UNKNOWN, text='Press any number to exit.', units='height', win=Window(...), wrapWidth=1)
10.3802 	EXP 	Created unnamed TextStim = TextStim(__class__=<class 'psychopy.visual.text.TextStim'>, alignHoriz=method-wrapper(...), alignText='center', alignVert=method-wrapper(...), anchorHoriz='center', anchorVert='center', antialias=True, autoDraw=False, autoLog=True, bold=True, color=array([1., 1., 1.]), colorSpace='rgb', contrast=1.0, depth=0.0, draggable=False, flipHoriz=False, flipVert=False, font='Arial', fontFiles=[], height=np.float64(0.06), italic=False, languageStyle='LTR', name='unnamed TextStim', opacity=1.0, ori=0.0, pos=array([0.  , 0.39]), rgb=UNKNOWN, text='Practice Trials + Instructions', units='height', win=Window(...), wrapWidth=1.5)
10.3970 	EXP 	Created unnamed TextStim = TextStim(__class__=<class 'psychopy.visual.text.TextStim'>, alignHoriz=method-wrapper(...), alignText='center', alignVert=method-wrapper(...), anchorHoriz='center', anchorVert='center', antialias=True, autoDraw=False, autoLog=True, bold=False, color=array([1., 1., 1.]), colorSpace='rgb', contrast=1.0, depth=-1.0, draggable=False, flipHoriz=False, flipVert=False, font='Arial', fontFiles=[], height=np.float64(0.036), italic=False, languageStyle='LTR', name='unnamed TextStim', opacity=1.0, ori=0.0, pos=array([0.  , 0.03]), rgb=UNKNOWN, text=str(...), units='height', win=Window(...), wrapWidth=1.5)
10.4047 	EXP 	Created unnamed TextStim = TextStim(__class__=<class 'psychopy.visual.text.TextStim'>, alignHoriz=method-wrapper(...), alignText='center', alignVert=method-wrapper(...), anchorHoriz='center', anchorVert='center', antialias=True, autoDraw=False, autoLog=True, bold=False, color=array([0.2 , 0.55, 0.95]), colorSpace='rgb', contrast=1.0, depth=-2.0, draggable=False, flipHoriz=False, flipVert=False, font='Arial', fontFiles=[], height=np.float64(0.032), italic=False, languageStyle='LTR', name='unnamed TextStim', opacity=1.0, ori=0.0, pos=array([ 0. , -0.4]), rgb=UNKNOWN, text='Blue background  =  path distance trials', units='height', win=Window(...), wrapWidth=1)
10.4074 	EXP 	Created unnamed TextStim = TextStim(__class__=<class 'psychopy.visual.text.TextStim'>, alignHoriz=method-wrapper(...), alignText='center', alignVert=method-wrapper(...), anchorHoriz='center', anchorVert='center', antialias=True, autoDraw=False, autoLog=True, bold=False, color=array([0.914, 0.506, 0.09 ]), colorSpace='rgb', contrast=1.0, depth=-3.0, draggable=False, flipHoriz=False, flipVert=False, font='Arial', fontFiles=[], height=np.float64(0.032), italic=False, languageStyle='LTR', name='unnamed TextStim', opacity=1.0, ori=0.0, pos=array([ 0.  , -0.44]), rgb=UNKNOWN, text=str(...), units='height', win=Window(...), wrapWidth=1)
10.4107 	EXP 	Created unnamed TextStim = TextStim(__class__=<class 'psychopy.visual.text.TextStim'>, alignHoriz=method-wrapper(...), alignText='center', alignVert=method-wrapper(...), anchorHoriz='center', anchorVert='center', antialias=True, autoDraw=False, autoLog=True, bold=False, color=array([0.4, 0.4, 0.4]), colorSpace='rgb', contrast=1.0, depth=-4.0, draggable=False, flipHoriz=False, flipVert=False, font='Arial', fontFiles=[], height=np.float64(0.030999999999999996), italic=False, languageStyle='LTR', name='unnamed TextStim', opacity=1.0, ori=0.0, pos=array([ 0.  , -0.47]), rgb=UNKNOWN, text='Press any number to continue.', units='height', win=Window(...), wrapWidth=1)
10.4135 	INFO 	Keyboard events cleared
10.4134 	EXP 	unnamed TextStim: autoDraw = True
10.4134 	EXP 	unnamed TextStim: autoDraw = True
10.4134 	EXP 	unnamed TextStim: autoDraw = True
10.4134 	EXP 	unnamed TextStim: autoDraw = True
10.4134 	EXP 	unnamed TextStim: autoDraw = True
11.7804 	EXP 	Device response: <KeyPress from None: t=11.76971629995387, value=2, duration=None>
11.7908 	DATA 	Keypress: 2
11.7970 	INFO 	Keyboard events cleared
11.7968 	EXP 	unnamed TextStim: autoDraw = False
11.7968 	EXP 	unnamed TextStim: autoDraw = False
11.7968 	EXP 	unnamed TextStim: autoDraw = False
11.7968 	EXP 	unnamed TextStim: autoDraw = False
11.7968 	EXP 	unnamed TextStim: autoDraw = False
11.7968 	EXP 	maze_image: image = 'stimuli/prac_maze.png'
11.7968 	EXP 	maze_image: autoDraw = True
11.7968 	EXP 	maze_title_stim: autoDraw = True
11.7968 	EXP 	env_advance: autoDraw = True
11.9262 	EXP 	Device response: <KeyPress from None: t=11.76971629995387, value=2, duration=0.15283390000695363>
12.6596 	EXP 	Device response: <KeyPress from None: t=12.654876799962949, value=2, duration=None>
12.6649 	DEBUG 	Read csv file with pandas: nav_task_practice_fruit.csv
12.6655 	DEBUG 	Clearing unnamed columns from nav_task_practice_fruit.csv
12.6659 	EXP 	Imported nav_task_practice_fruit.csv as conditions, 4 conditions, 9 params
12.6661 	EXP 	Created sequence: sequential, trialTypes=4, nReps=1, seed=None
12.6662 	EXP 	New trial (rep=0, index=0): OrderedDict([('cueImage', 'stimuli/prac_apple.png'), ('leftImage', 'stimuli/prac_orange.png'), ('rightImage', 'stimuli/prac_banana.png'), ('corrAns', 'right'), ('trial_type', 'route'), ('cueLabel', 'Apple'), ('leftLabel', 'Orange'), ('rightLabel', 'Banana'), ('corrLabel', 'Banana')])
12.6664 	DEPRECATION 	Clock.add() is deprecated in favor of .addTime() due to the counterintuitive design (it added time to the baseline, which reduced the values returned from getTime() )
12.6679 	DATA 	Keypress: 2
12.6705 	EXP 	maze_image: autoDraw = False
12.6705 	EXP 	maze_title_stim: autoDraw = False
12.6705 	EXP 	env_advance: autoDraw = False
12.6705 	EXP 	fixation: autoDraw = True
12.8099 	EXP 	Device response: <KeyPress from None: t=12.654876799962949, value=2, duration=0.1488717999891378>
13.6900 	INFO 	Keyboard events cleared
13.6899 	EXP 	fixation: autoDraw = False
13.6899 	EXP 	cue_image: image = 'stimuli/prac_apple.png'
13.6899 	EXP 	left_image: image = 'stimuli/prac_orange.png'
13.6899 	EXP 	right_image: image = 'stimuli/prac_banana.png'
13.6899 	EXP 	cue_label_stim: height = np.float64(0.042)
13.6899 	EXP 	cue_label_stim: height = np.float64(0.042)
13.6899 	EXP 	cue_label_stim: height = np.float64(0.042)
13.6899 	EXP 	cue_label_stim: text = 'Apple'
13.6899 	EXP 	left_label_stim: height = np.float64(0.042)
13.6899 	EXP 	left_label_stim: height = np.float64(0.042)
13.6899 	EXP 	left_label_stim: height = np.float64(0.042)
13.6899 	EXP 	left_label_stim: text = 'Orange'
13.6899 	EXP 	right_label_stim: height = np.float64(0.042)
13.6899 	EXP 	right_label_stim: height = np.float64(0.042)
13.6899 	EXP 	right_label_stim: height = np.float64(0.042)
13.6899 	EXP 	right_label_stim: text = 'Banana'
13.6899 	EXP 	question_text: height = np.float64(0.055)
13.6899 	EXP 	question_text: height = np.float64(0.055)
13.6899 	EXP 	question_text: height = np.float64(0.055)
13.6899 	EXP 	question_text: text = 'Which is the shortest path distance from the start?'
13.6899 	EXP 	question_text: autoDraw = True
13.6899 	EXP 	cue_image: autoDraw = True
13.6899 	EXP 	cue_label_stim: autoDraw = True
13.6899 	EXP 	left_image: autoDraw = True
13.6899 	EXP 	left_label_stim: autoDraw = True
13.6899 	EXP 	right_image: autoDraw = True
13.6899 	EXP 	right_label_stim: autoDraw = True
14.1699 	EXP 	Device response: <KeyPress from None: t=14.168733099999372, value=1, duration=None>
14.1761 	DEPRECATION 	Clock.add() is deprecated in favor of .addTime() due to the counterintuitive design (it added time to the baseline, which reduced the values returned from getTime() )
14.1780 	DATA 	Keypress: 1
14.1795 	EXP 	question_text: autoDraw = False
14.1795 	EXP 	cue_image: autoDraw = False
14.1795 	EXP 	cue_label_stim: autoDraw = False
14.1795 	EXP 	left_image: autoDraw = False
14.1795 	EXP 	left_label_stim: autoDraw = False
14.1795 	EXP 	right_image: autoDraw = False
14.1795 	EXP 	right_label_stim: autoDraw = False
14.1795 	EXP 	fb_text_right: height = np.float64(0.046)
14.1795 	EXP 	fb_text_right: height = np.float64(0.046)
14.1795 	EXP 	fb_text_right: height = np.float64(0.046)
14.1795 	EXP 	fb_text_right: text = 'Correct answer:\nBanana'
14.1795 	EXP 	question_text: autoDraw = True
14.1795 	EXP 	cue_image: autoDraw = True
14.1795 	EXP 	cue_label_stim: autoDraw = True
14.1795 	EXP 	left_image: autoDraw = True
14.1795 	EXP 	left_label_stim: autoDraw = True
14.1795 	EXP 	right_image: autoDraw = True
14.1795 	EXP 	right_label_stim: autoDraw = True
14.1795 	EXP 	fb_text_right: autoDraw = True
14.1795 	EXP 	fb_line_right: autoDraw = True
14.1795 	EXP 	fb_head_right: autoDraw = True
14.3930 	EXP 	Device response: <KeyPress from None: t=14.168733099999372, value=1, duration=0.22193589998641983>
16.1768 	EXP 	New trial (rep=0, index=1): OrderedDict([('cueImage', 'stimuli/prac_apple.png'), ('leftImage', 'stimuli/prac_orange.png'), ('rightImage', 'stimuli/prac_banana.png'), ('corrAns', 'right'), ('trial_type', 'line'), ('cueLabel', 'Apple'), ('leftLabel', 'Orange'), ('rightLabel', 'Banana'), ('corrLabel', 'Banana')])
16.1770 	DEPRECATION 	Clock.add() is deprecated in favor of .addTime() due to the counterintuitive design (it added time to the baseline, which reduced the values returned from getTime() )
16.1845 	EXP 	question_text: autoDraw = False
16.1845 	EXP 	cue_image: autoDraw = False
16.1845 	EXP 	cue_label_stim: autoDraw = False
16.1845 	EXP 	left_image: autoDraw = False
16.1845 	EXP 	left_label_stim: autoDraw = False
16.1845 	EXP 	right_image: autoDraw = False
16.1845 	EXP 	right_label_stim: autoDraw = False
16.1845 	EXP 	fb_text_right: autoDraw = False
16.1845 	EXP 	fb_line_right: autoDraw = False
16.1845 	EXP 	fb_head_right: autoDraw = False
16.1845 	EXP 	fixation: autoDraw = True
17.1949 	INFO 	Keyboard events cleared
17.1948 	EXP 	fixation: autoDraw = False
17.1948 	EXP 	cue_image: image = 'stimuli/prac_apple.png'
17.1948 	EXP 	left_image: image = 'stimuli/prac_orange.png'
17.1948 	EXP 	right_image: image = 'stimuli/prac_banana.png'
17.1948 	EXP 	cue_label_stim: text = 'Apple'
17.1948 	EXP 	left_label_stim: text = 'Orange'
17.1948 	EXP 	right_label_stim: text = 'Banana'
17.1948 	EXP 	question_text: height = np.float64(0.055)
17.1948 	EXP 	question_text: height = np.float64(0.055)
17.1948 	EXP 	question_text: height = np.float64(0.055)
17.1948 	EXP 	question_text: text = 'Which is the shortest straight-line distance from the start?'
17.1948 	EXP 	question_text: autoDraw = True
17.1948 	EXP 	cue_image: autoDraw = True
17.1948 	EXP 	cue_label_stim: autoDraw = True
17.1948 	EXP 	left_image: autoDraw = True
17.1948 	EXP 	left_label_stim: autoDraw = True
17.1948 	EXP 	right_image: autoDraw = True
17.1948 	EXP 	right_label_stim: autoDraw = True
17.5766 	EXP 	Device response: <KeyPress from None: t=17.572117000003345, value=2, duration=None>
17.5770 	DEPRECATION 	Clock.add() is deprecated in favor of .addTime() due to the counterintuitive design (it added time to the baseline, which reduced the values returned from getTime() )
17.5787 	DATA 	Keypress: 2
17.5848 	EXP 	question_text: autoDraw = False
17.5848 	EXP 	cue_image: autoDraw = False
17.5848 	EXP 	cue_label_stim: autoDraw = False
17.5848 	EXP 	left_image: autoDraw = False
17.5848 	EXP 	left_label_stim: autoDraw = False
17.5848 	EXP 	right_image: autoDraw = False
17.5848 	EXP 	right_label_stim: autoDraw = False
17.5848 	EXP 	fb_text_right: text = 'Correct answer:\nBanana'
17.5848 	EXP 	question_text: autoDraw = True
17.5848 	EXP 	cue_image: autoDraw = True
17.5848 	EXP 	cue_label_stim: autoDraw = True
17.5848 	EXP 	left_image: autoDraw = True
17.5848 	EXP 	left_label_stim: autoDraw = True
17.5848 	EXP 	right_image: autoDraw = True
17.5848 	EXP 	right_label_stim: autoDraw = True
17.5848 	EXP 	fb_text_right: autoDraw = True
17.5848 	EXP 	fb_line_right: autoDraw = True
17.5848 	EXP 	fb_head_right: autoDraw = True
17.7769 	EXP 	Device response: <KeyPress from None: t=17.572117000003345, value=2, duration=0.20357499999227002>
19.5870 	EXP 	New trial (rep=0, index=2): OrderedDict([('cueImage', 'stimuli/prac_apple.png'), ('leftImage', 'stimuli/prac_orange.png'), ('rightImage', 'stimuli/prac_grape.png'), ('corrAns', 'left'), ('trial_type', 'route'), ('cueLabel', 'Apple'), ('leftLabel', 'Orange'), ('rightLabel', 'Grape'), ('corrLabel', 'Orange')])
19.5941 	INFO 	Keyboard events cleared
19.5938 	EXP 	question_text: autoDraw = False
19.5938 	EXP 	cue_image: autoDraw = False
19.5938 	EXP 	cue_label_stim: autoDraw = False
19.5938 	EXP 	left_image: autoDraw = False
19.5938 	EXP 	left_label_stim: autoDraw = False
19.5938 	EXP 	right_image: autoDraw = False
19.5938 	EXP 	right_label_stim: autoDraw = False
19.5938 	EXP 	fb_text_right: autoDraw = False
19.5938 	EXP 	fb_line_right: autoDraw = False
19.5938 	EXP 	fb_head_right: autoDraw = False
19.5938 	EXP 	maze_image: image = 'stimuli/prac_maze.png'
19.5938 	EXP 	maze_image: autoDraw = True
19.5938 	EXP 	maze_title_stim: autoDraw = True
19.5938 	EXP 	env_advance: autoDraw = True
19.6772 	EXP 	Device response: <KeyPress from None: t=19.672780599968974, value=1, duration=None>
19.6776 	DEPRECATION 	Clock.add() is deprecated in favor of .addTime() due to the counterintuitive design (it added time to the baseline, which reduced the values returned from getTime() )
19.6781 	DATA 	Keypress: 1
19.6855 	EXP 	maze_image: autoDraw = False
19.6855 	EXP 	maze_title_stim: autoDraw = False
19.6855 	EXP 	env_advance: autoDraw = False
19.6855 	EXP 	fixation: autoDraw = True
19.8710 	EXP 	Device response: <KeyPress from None: t=19.672780599968974, value=1, duration=0.19412280002143234>
20.6892 	INFO 	Keyboard events cleared
20.6891 	EXP 	fixation: autoDraw = False
20.6891 	EXP 	cue_image: image = 'stimuli/prac_apple.png'
20.6891 	EXP 	left_image: image = 'stimuli/prac_orange.png'
20.6891 	EXP 	right_image: image = 'stimuli/prac_grape.png'
20.6891 	EXP 	cue_label_stim: text = 'Apple'
20.6891 	EXP 	left_label_stim: text = 'Orange'
20.6891 	EXP 	right_label_stim: height = np.float64(0.042)
20.6891 	EXP 	right_label_stim: height = np.float64(0.042)
20.6891 	EXP 	right_label_stim: height = np.float64(0.042)
20.6891 	EXP 	right_label_stim: text = 'Grape'
20.6891 	EXP 	question_text: height = np.float64(0.055)
20.6891 	EXP 	question_text: height = np.float64(0.055)
20.6891 	EXP 	question_text: height = np.float64(0.055)
20.6891 	EXP 	question_text: text = 'Which is the shortest path distance from the start?'
20.6891 	EXP 	question_text: autoDraw = True
20.6891 	EXP 	cue_image: autoDraw = True
20.6891 	EXP 	cue_label_stim: autoDraw = True
20.6891 	EXP 	left_image: autoDraw = True
20.6891 	EXP 	left_label_stim: autoDraw = True
20.6891 	EXP 	right_image: autoDraw = True
20.6891 	EXP 	right_label_stim: autoDraw = True
27.8446 	DATA 	Mouse: Left button down, pos=(1495,296)
27.9467 	DATA 	Mouse:  Left button up, pos=(1495,296)
28.0946 	EXP 	Device response: <KeyPress from None: t=28.088034999964293, value=1, duration=None>
28.0974 	DEPRECATION 	Clock.add() is deprecated in favor of .addTime() due to the counterintuitive design (it added time to the baseline, which reduced the values returned from getTime() )
28.0987 	DATA 	Keypress: 1
28.1025 	EXP 	question_text: autoDraw = False
28.1025 	EXP 	cue_image: autoDraw = False
28.1025 	EXP 	cue_label_stim: autoDraw = False
28.1025 	EXP 	left_image: autoDraw = False
28.1025 	EXP 	left_label_stim: autoDraw = False
28.1025 	EXP 	right_image: autoDraw = False
28.1025 	EXP 	right_label_stim: autoDraw = False
28.1025 	EXP 	fb_text_left: height = np.float64(0.046)
28.1025 	EXP 	fb_text_left: height = np.float64(0.046)
28.1025 	EXP 	fb_text_left: height = np.float64(0.046)
28.1025 	EXP 	fb_text_left: text = 'Correct answer:\nOrange'
28.1025 	EXP 	question_text: autoDraw = True
28.1025 	EXP 	cue_image: autoDraw = True
28.1025 	EXP 	cue_label_stim: autoDraw = True
28.1025 	EXP 	left_image: autoDraw = True
28.1025 	EXP 	left_label_stim: autoDraw = True
28.1025 	EXP 	right_image: autoDraw = True
28.1025 	EXP 	right_label_stim: autoDraw = True
28.1025 	EXP 	fb_text_left: autoDraw = True
28.1025 	EXP 	fb_line_left: autoDraw = True
28.1025 	EXP 	fb_head_left: autoDraw = True
28.2199 	EXP 	Device response: <KeyPress from None: t=28.088034999964293, value=1, duration=0.1304041999974288>
28.2297 	DATA 	Keypress: 2
28.2365 	EXP 	Device response: <KeyPress from None: t=28.22925319999922, value=2, duration=None>
28.3533 	EXP 	Device response: <KeyPress from None: t=28.22925319999922, value=2, duration=0.12222109996946529>
30.1035 	EXP 	New trial (rep=0, index=3): OrderedDict([('cueImage', 'stimuli/prac_apple.png'), ('leftImage', 'stimuli/prac_orange.png'), ('rightImage', 'stimuli/prac_grape.png'), ('corrAns', 'right'), ('trial_type', 'line'), ('cueLabel', 'Apple'), ('leftLabel', 'Orange'), ('rightLabel', 'Grape'), ('corrLabel', 'Grape')])
30.1038 	DEPRECATION 	Clock.add() is deprecated in favor of .addTime() due to the counterintuitive design (it added time to the baseline, which reduced the values returned from getTime() )
30.1113 	EXP 	question_text: autoDraw = False
30.1113 	EXP 	cue_image: autoDraw = False
30.1113 	EXP 	cue_label_stim: autoDraw = False
30.1113 	EXP 	left_image: autoDraw = False
30.1113 	EXP 	left_label_stim: autoDraw = False
30.1113 	EXP 	right_image: autoDraw = False
30.1113 	EXP 	right_label_stim: autoDraw = False
30.1113 	EXP 	fb_text_left: autoDraw = False
30.1113 	EXP 	fb_line_left: autoDraw = False
30.1113 	EXP 	fb_head_left: autoDraw = False
30.1113 	EXP 	fixation: autoDraw = True
31.1195 	INFO 	Keyboard events cleared
31.1194 	EXP 	fixation: autoDraw = False
31.1194 	EXP 	cue_image: image = 'stimuli/prac_apple.png'
31.1194 	EXP 	left_image: image = 'stimuli/prac_orange.png'
31.1194 	EXP 	right_image: image = 'stimuli/prac_grape.png'
31.1194 	EXP 	cue_label_stim: text = 'Apple'
31.1194 	EXP 	left_label_stim: text = 'Orange'
31.1194 	EXP 	right_label_stim: text = 'Grape'
31.1194 	EXP 	question_text: height = np.float64(0.055)
31.1194 	EXP 	question_text: height = np.float64(0.055)
31.1194 	EXP 	question_text: height = np.float64(0.055)
31.1194 	EXP 	question_text: text = 'Which is the shortest straight-line distance from the start?'
31.1194 	EXP 	question_text: autoDraw = True
31.1194 	EXP 	cue_image: autoDraw = True
31.1194 	EXP 	cue_label_stim: autoDraw = True
31.1194 	EXP 	left_image: autoDraw = True
31.1194 	EXP 	left_label_stim: autoDraw = True
31.1194 	EXP 	right_image: autoDraw = True
31.1194 	EXP 	right_label_stim: autoDraw = True
31.3960 	DATA 	Keypress: 2
31.4044 	EXP 	Device response: <KeyPress from None: t=31.395615599991288, value=2, duration=None>
31.4070 	DEPRECATION 	Clock.add() is deprecated in favor of .addTime() due to the counterintuitive design (it added time to the baseline, which reduced the values returned from getTime() )
31.4112 	EXP 	question_text: autoDraw = False
31.4112 	EXP 	cue_image: autoDraw = False
31.4112 	EXP 	cue_label_stim: autoDraw = False
31.4112 	EXP 	left_image: autoDraw = False
31.4112 	EXP 	left_label_stim: autoDraw = False
31.4112 	EXP 	right_image: autoDraw = False
31.4112 	EXP 	right_label_stim: autoDraw = False
31.4112 	EXP 	fb_text_right: height = np.float64(0.046)
31.4112 	EXP 	fb_text_right: height = np.float64(0.046)
31.4112 	EXP 	fb_text_right: height = np.float64(0.046)
31.4112 	EXP 	fb_text_right: text = 'Correct answer:\nGrape'
31.4112 	EXP 	question_text: autoDraw = True
31.4112 	EXP 	cue_image: autoDraw = True
31.4112 	EXP 	cue_label_stim: autoDraw = True
31.4112 	EXP 	left_image: autoDraw = True
31.4112 	EXP 	left_label_stim: autoDraw = True
31.4112 	EXP 	right_image: autoDraw = True
31.4112 	EXP 	right_label_stim: autoDraw = True
31.4112 	EXP 	fb_text_right: autoDraw = True
31.4112 	EXP 	fb_line_right: autoDraw = True
31.4112 	EXP 	fb_head_right: autoDraw = True
31.5787 	EXP 	Device response: <KeyPress from None: t=31.395615599991288, value=2, duration=0.1793032999848947>
33.4313 	EXP 	Created unnamed TextStim = TextStim(__class__=<class 'psychopy.visual.text.TextStim'>, alignHoriz=method-wrapper(...), alignText='center', alignVert=method-wrapper(...), anchorHoriz='center', anchorVert='center', antialias=True, autoDraw=False, autoLog=True, bold=False, color=array([1., 1., 1.]), colorSpace='rgb', contrast=1.0, depth=-1.0, draggable=False, flipHoriz=False, flipVert=False, font='Arial', fontFiles=[], height=np.float64(0.036), italic=False, languageStyle='LTR', name='unnamed TextStim', opacity=1.0, ori=0.0, pos=array([0.  , 0.12]), rgb=UNKNOWN, text=str(...), units='height', win=Window(...), wrapWidth=1.5)
33.4428 	EXP 	Created unnamed TextStim = TextStim(__class__=<class 'psychopy.visual.text.TextStim'>, alignHoriz=method-wrapper(...), alignText='center', alignVert=method-wrapper(...), anchorHoriz='center', anchorVert='center', antialias=True, autoDraw=False, autoLog=True, bold=False, color=array([0.4, 0.4, 0.4]), colorSpace='rgb', contrast=1.0, depth=-4.0, draggable=False, flipHoriz=False, flipVert=False, font='Arial', fontFiles=[], height=np.float64(0.030999999999999996), italic=False, languageStyle='LTR', name='unnamed TextStim', opacity=1.0, ori=0.0, pos=array([ 0.  , -0.47]), rgb=UNKNOWN, text='Press any number to continue.', units='height', win=Window(...), wrapWidth=1)
33.4476 	INFO 	Keyboard events cleared
33.4474 	EXP 	question_text: autoDraw = False
33.4474 	EXP 	cue_image: autoDraw = False
33.4474 	EXP 	cue_label_stim: autoDraw = False
33.4474 	EXP 	left_image: autoDraw = False
33.4474 	EXP 	left_label_stim: autoDraw = False
33.4474 	EXP 	right_image: autoDraw = False
33.4474 	EXP 	right_label_stim: autoDraw = False
33.4474 	EXP 	fb_text_right: autoDraw = False
33.4474 	EXP 	fb_line_right: autoDraw = False
33.4474 	EXP 	fb_head_right: autoDraw = False
33.4474 	EXP 	unnamed TextStim: autoDraw = True
33.4474 	EXP 	unnamed TextStim: autoDraw = True
33.7871 	EXP 	Device response: <KeyPress from None: t=33.78348389995517, value=2, duration=None>
33.8066 	DATA 	Keypress: 2
33.8157 	INFO 	Keyboard events cleared
33.8156 	EXP 	unnamed TextStim: autoDraw = False
33.8156 	EXP 	unnamed TextStim: autoDraw = False
33.8156 	EXP 	env_label: height = np.float64(0.048)
33.8156 	EXP 	env_label: height = np.float64(0.048)
33.8156 	EXP 	env_label: height = np.float64(0.048)
33.8156 	EXP 	env_label: text = 'Environment: brick maze'
33.8156 	EXP 	env_maze_image: image = 'stimuli/brick_maze.png'
33.8156 	EXP 	env_label: autoDraw = True
33.8156 	EXP 	env_maze_image: autoDraw = True
33.8156 	EXP 	env_advance: autoDraw = True
33.9871 	EXP 	Device response: <KeyPress from None: t=33.78348389995517, value=2, duration=0.19940100004896522>
34.2708 	EXP 	Device response: <KeyPress from None: t=34.26699129998451, value=2, duration=None>
34.2745 	DEBUG 	Read csv file with pandas: nav_task_practice_brick.csv
34.2755 	DEBUG 	Clearing unnamed columns from nav_task_practice_brick.csv
34.2760 	EXP 	Imported nav_task_practice_brick.csv as conditions, 2 conditions, 9 params
34.2763 	EXP 	Created sequence: sequential, trialTypes=2, nReps=1, seed=None
34.2764 	EXP 	New trial (rep=0, index=0): OrderedDict([('cueImage', 'stimuli/brick_telescope.png'), ('leftImage', 'stimuli/brick_plant.png'), ('rightImage', 'stimuli/brick_well.png'), ('corrAns', 'left'), ('trial_type', 'route'), ('cueLabel', 'Telescope'), ('leftLabel', 'Plant'), ('rightLabel', 'Well'), ('corrLabel', 'Plant')])
34.2767 	DEPRECATION 	Clock.add() is deprecated in favor of .addTime() due to the counterintuitive design (it added time to the baseline, which reduced the values returned from getTime() )
34.2780 	DATA 	Keypress: 2
34.2803 	EXP 	env_label: autoDraw = False
34.2803 	EXP 	env_maze_image: autoDraw = False
34.2803 	EXP 	env_advance: autoDraw = False
34.2803 	EXP 	fixation: autoDraw = True
34.4121 	EXP 	Device response: <KeyPress from None: t=34.26699129998451, value=2, duration=0.13944609998725355>
34.5293 	EXP 	Device response: <KeyPress from None: t=34.52361939998809, value=2, duration=None>
34.5301 	DATA 	Keypress: 2
34.6706 	EXP 	Device response: <KeyPress from None: t=34.52361939998809, value=2, duration=0.14099380001425743>
35.2993 	INFO 	Keyboard events cleared
35.2993 	EXP 	fixation: autoDraw = False
35.2993 	EXP 	cue_image: image = 'stimuli/brick_telescope.png'
35.2993 	EXP 	left_image: image = 'stimuli/brick_plant.png'
35.2993 	EXP 	right_image: image = 'stimuli/brick_well.png'
35.2993 	EXP 	cue_label_stim: height = np.float64(0.042)
35.2993 	EXP 	cue_label_stim: height = np.float64(0.042)
35.2993 	EXP 	cue_label_stim: height = np.float64(0.042)
35.2993 	EXP 	cue_label_stim: text = 'Telescope'
35.2993 	EXP 	left_label_stim: height = np.float64(0.042)
35.2993 	EXP 	left_label_stim: height = np.float64(0.042)
35.2993 	EXP 	left_label_stim: height = np.float64(0.042)
35.2993 	EXP 	left_label_stim: text = 'Plant'
35.2993 	EXP 	right_label_stim: height = np.float64(0.042)
35.2993 	EXP 	right_label_stim: height = np.float64(0.042)
35.2993 	EXP 	right_label_stim: height = np.float64(0.042)
35.2993 	EXP 	right_label_stim: text = 'Well'
35.2993 	EXP 	question_text: height = np.float64(0.055)
35.2993 	EXP 	question_text: height = np.float64(0.055)
35.2993 	EXP 	question_text: height = np.float64(0.055)
35.2993 	EXP 	question_text: text = 'Which is the shortest path distance from the start?'
35.2993 	EXP 	question_text: autoDraw = True
35.2993 	EXP 	cue_image: autoDraw = True
35.2993 	EXP 	cue_label_stim: autoDraw = True
35.2993 	EXP 	left_image: autoDraw = True
35.2993 	EXP 	left_label_stim: autoDraw = True
35.2993 	EXP 	right_image: autoDraw = True
35.2993 	EXP 	right_label_stim: autoDraw = True
35.4794 	EXP 	Device response: <KeyPress from None: t=35.479008800000884, value=2, duration=None>
35.4872 	DEPRECATION 	Clock.add() is deprecated in favor of .addTime() due to the counterintuitive design (it added time to the baseline, which reduced the values returned from getTime() )
35.4884 	DATA 	Keypress: 2
35.4902 	EXP 	question_text: autoDraw = False
35.4902 	EXP 	cue_image: autoDraw = False
35.4902 	EXP 	cue_label_stim: autoDraw = False
35.4902 	EXP 	left_image: autoDraw = False
35.4902 	EXP 	left_label_stim: autoDraw = False
35.4902 	EXP 	right_image: autoDraw = False
35.4902 	EXP 	right_label_stim: autoDraw = False
35.4902 	EXP 	fb_text_left: height = np.float64(0.046)
35.4902 	EXP 	fb_text_left: height = np.float64(0.046)
35.4902 	EXP 	fb_text_left: height = np.float64(0.046)
35.4902 	EXP 	fb_text_left: text = 'Correct answer:\nPlant'
35.4902 	EXP 	question_text: autoDraw = True
35.4902 	EXP 	cue_image: autoDraw = True
35.4902 	EXP 	cue_label_stim: autoDraw = True
35.4902 	EXP 	left_image: autoDraw = True
35.4902 	EXP 	left_label_stim: autoDraw = True
35.4902 	EXP 	right_image: autoDraw = True
35.4902 	EXP 	right_label_stim: autoDraw = True
35.4902 	EXP 	fb_text_left: autoDraw = True
35.4902 	EXP 	fb_line_left: autoDraw = True
35.4902 	EXP 	fb_head_left: autoDraw = True
35.6224 	EXP 	Device response: <KeyPress from None: t=35.479008800000884, value=2, duration=0.13524049997795373>
35.7128 	EXP 	Device response: <KeyPress from None: t=35.70597289997386, value=2, duration=None>
35.7139 	DATA 	Keypress: 2
35.8215 	EXP 	Device response: <KeyPress from None: t=35.70597289997386, value=2, duration=0.10690980002982542>
37.4881 	EXP 	New trial (rep=0, index=1): OrderedDict([('cueImage', 'stimuli/brick_telescope.png'), ('leftImage', 'stimuli/brick_plant.png'), ('rightImage', 'stimuli/brick_well.png'), ('corrAns', 'left'), ('trial_type', 'line'), ('cueLabel', 'Telescope'), ('leftLabel', 'Plant'), ('rightLabel', 'Well'), ('corrLabel', 'Plant')])
37.4883 	DEPRECATION 	Clock.add() is deprecated in favor of .addTime() due to the counterintuitive design (it added time to the baseline, which reduced the values returned from getTime() )
37.4958 	EXP 	question_text: autoDraw = False
37.4958 	EXP 	cue_image: autoDraw = False
37.4958 	EXP 	cue_label_stim: autoDraw = False
37.4958 	EXP 	left_image: autoDraw = False
37.4958 	EXP 	left_label_stim: autoDraw = False
37.4958 	EXP 	right_image: autoDraw = False
37.4958 	EXP 	right_label_stim: autoDraw = False
37.4958 	EXP 	fb_text_left: autoDraw = False
37.4958 	EXP 	fb_line_left: autoDraw = False
37.4958 	EXP 	fb_head_left: autoDraw = False
37.4958 	EXP 	fixation: autoDraw = True
38.5073 	INFO 	Keyboard events cleared
38.5072 	EXP 	fixation: autoDraw = False
38.5072 	EXP 	cue_image: image = 'stimuli/brick_telescope.png'
38.5072 	EXP 	left_image: image = 'stimuli/brick_plant.png'
38.5072 	EXP 	right_image: image = 'stimuli/brick_well.png'
38.5072 	EXP 	cue_label_stim: text = 'Telescope'
38.5072 	EXP 	left_label_stim: text = 'Plant'
38.5072 	EXP 	right_label_stim: text = 'Well'
38.5072 	EXP 	question_text: height = np.float64(0.055)
38.5072 	EXP 	question_text: height = np.float64(0.055)
38.5072 	EXP 	question_text: height = np.float64(0.055)
38.5072 	EXP 	question_text: text = 'Which is the shortest straight-line distance from the start?'
38.5072 	EXP 	question_text: autoDraw = True
38.5072 	EXP 	cue_image: autoDraw = True
38.5072 	EXP 	cue_label_stim: autoDraw = True
38.5072 	EXP 	left_image: autoDraw = True
38.5072 	EXP 	left_label_stim: autoDraw = True
38.5072 	EXP 	right_image: autoDraw = True
38.5072 	EXP 	right_label_stim: autoDraw = True
47.9507 	DATA 	Mouse: Left button down, pos=(1312,367)
48.0508 	DATA 	Mouse:  Left button up, pos=(1312,367)
48.1471 	EXP 	Device response: <KeyPress from None: t=48.14575359999435, value=2, duration=None>
48.1474 	DEPRECATION 	Clock.add() is deprecated in favor of .addTime() due to the counterintuitive design (it added time to the baseline, which reduced the values returned from getTime() )
48.1490 	DATA 	Keypress: 2
48.1552 	EXP 	question_text: autoDraw = False
48.1552 	EXP 	cue_image: autoDraw = False
48.1552 	EXP 	cue_label_stim: autoDraw = False
48.1552 	EXP 	left_image: autoDraw = False
48.1552 	EXP 	left_label_stim: autoDraw = False
48.1552 	EXP 	right_image: autoDraw = False
48.1552 	EXP 	right_label_stim: autoDraw = False
48.1552 	EXP 	fb_text_left: text = 'Correct answer:\nPlant'
48.1552 	EXP 	question_text: autoDraw = True
48.1552 	EXP 	cue_image: autoDraw = True
48.1552 	EXP 	cue_label_stim: autoDraw = True
48.1552 	EXP 	left_image: autoDraw = True
48.1552 	EXP 	left_label_stim: autoDraw = True
48.1552 	EXP 	right_image: autoDraw = True
48.1552 	EXP 	right_label_stim: autoDraw = True
48.1552 	EXP 	fb_text_left: autoDraw = True
48.1552 	EXP 	fb_line_left: autoDraw = True
48.1552 	EXP 	fb_head_left: autoDraw = True
48.3642 	EXP 	Device response: <KeyPress from None: t=48.14575359999435, value=2, duration=0.2118256000103429>
50.1564 	INFO 	Keyboard events cleared
50.1605 	DEBUG 	Read csv file with pandas: nav_task_conditions_brick.csv
50.1612 	DEBUG 	Clearing unnamed columns from nav_task_conditions_brick.csv
50.1620 	EXP 	Imported nav_task_conditions_brick.csv as conditions, 24 conditions, 9 params
50.1623 	EXP 	Created sequence: random, trialTypes=24, nReps=1, seed=None
50.1625 	EXP 	New trial (rep=0, index=0): OrderedDict([('cueImage', 'stimuli/brick_harp.png'), ('leftImage', 'stimuli/brick_oven.png'), ('rightImage', 'stimuli/brick_bookshelf.png'), ('corrAns', 'right'), ('trial_type', 'line'), ('cueLabel', 'Harp'), ('leftLabel', 'Oven'), ('rightLabel', 'Bookshelf'), ('corrLabel', 'Bookshelf')])
50.1628 	DEPRECATION 	Clock.add() is deprecated in favor of .addTime() due to the counterintuitive design (it added time to the baseline, which reduced the values returned from getTime() )
50.1669 	EXP 	question_text: autoDraw = False
50.1669 	EXP 	cue_image: autoDraw = False
50.1669 	EXP 	cue_label_stim: autoDraw = False
50.1669 	EXP 	left_image: autoDraw = False
50.1669 	EXP 	left_label_stim: autoDraw = False
50.1669 	EXP 	right_image: autoDraw = False
50.1669 	EXP 	right_label_stim: autoDraw = False
50.1669 	EXP 	fb_text_left: autoDraw = False
50.1669 	EXP 	fb_line_left: autoDraw = False
50.1669 	EXP 	fb_head_left: autoDraw = False
50.1669 	EXP 	fixation: autoDraw = True
51.1851 	INFO 	Keyboard events cleared
51.1850 	EXP 	fixation: autoDraw = False
51.1850 	EXP 	cue_image: image = 'stimuli/brick_harp.png'
51.1850 	EXP 	left_image: image = 'stimuli/brick_oven.png'
51.1850 	EXP 	right_image: image = 'stimuli/brick_bookshelf.png'
51.1850 	EXP 	cue_label_stim: height = np.float64(0.042)
51.1850 	EXP 	cue_label_stim: height = np.float64(0.042)
51.1850 	EXP 	cue_label_stim: height = np.float64(0.042)
51.1850 	EXP 	cue_label_stim: text = 'Harp'
51.1850 	EXP 	left_label_stim: height = np.float64(0.042)
51.1850 	EXP 	left_label_stim: height = np.float64(0.042)
51.1850 	EXP 	left_label_stim: height = np.float64(0.042)
51.1850 	EXP 	left_label_stim: text = 'Oven'
51.1850 	EXP 	right_label_stim: height = np.float64(0.042)
51.1850 	EXP 	right_label_stim: height = np.float64(0.042)
51.1850 	EXP 	right_label_stim: height = np.float64(0.042)
51.1850 	EXP 	right_label_stim: text = 'Bookshelf'
51.1850 	EXP 	question_text: text = 'Which is the shortest straight-line distance from the start?'
51.1850 	EXP 	question_text: autoDraw = True
51.1850 	EXP 	cue_image: autoDraw = True
51.1850 	EXP 	cue_label_stim: autoDraw = True
51.1850 	EXP 	left_image: autoDraw = True
51.1850 	EXP 	left_label_stim: autoDraw = True
51.1850 	EXP 	right_image: autoDraw = True
51.1850 	EXP 	right_label_stim: autoDraw = True
54.2562 	DATA 	Mouse: Left button down, pos=(1466,468)
54.3579 	DATA 	Mouse:  Left button up, pos=(1467,468)
54.4648 	EXP 	Device response: <KeyPress from None: t=54.458459999994375, value=2, duration=None>
54.4655 	EXP 	New trial (rep=0, index=1): OrderedDict([('cueImage', 'stimuli/brick_telescope.png'), ('leftImage', 'stimuli/brick_mailbox.png'), ('rightImage', 'stimuli/brick_well.png'), ('corrAns', 'left'), ('trial_type', 'line'), ('cueLabel', 'Telescope'), ('leftLabel', 'Mailbox'), ('rightLabel', 'Well'), ('corrLabel', 'Mailbox')])
54.4657 	DEPRECATION 	Clock.add() is deprecated in favor of .addTime() due to the counterintuitive design (it added time to the baseline, which reduced the values returned from getTime() )
54.4662 	DATA 	Keypress: 2
54.4727 	EXP 	question_text: autoDraw = False
54.4727 	EXP 	cue_image: autoDraw = False
54.4727 	EXP 	cue_label_stim: autoDraw = False
54.4727 	EXP 	left_image: autoDraw = False
54.4727 	EXP 	left_label_stim: autoDraw = False
54.4727 	EXP 	right_image: autoDraw = False
54.4727 	EXP 	right_label_stim: autoDraw = False
54.4727 	EXP 	fixation: autoDraw = True
54.6069 	EXP 	Device response: <KeyPress from None: t=54.458459999994375, value=2, duration=0.14503239997429773>
55.3900 	EXP 	Device response: <KeyPress from None: t=55.384472899953835, value=2, duration=None>
55.3903 	DATA 	Keypress: 2
55.4853 	INFO 	Keyboard events cleared
55.4852 	EXP 	fixation: autoDraw = False
55.4852 	EXP 	cue_image: image = 'stimuli/brick_telescope.png'
55.4852 	EXP 	left_image: image = 'stimuli/brick_mailbox.png'
55.4852 	EXP 	right_image: image = 'stimuli/brick_well.png'
55.4852 	EXP 	cue_label_stim: height = np.float64(0.042)
55.4852 	EXP 	cue_label_stim: height = np.float64(0.042)
55.4852 	EXP 	cue_label_stim: height = np.float64(0.042)
55.4852 	EXP 	cue_label_stim: text = 'Telescope'
55.4852 	EXP 	left_label_stim: height = np.float64(0.042)
55.4852 	EXP 	left_label_stim: height = np.float64(0.042)
55.4852 	EXP 	left_label_stim: height = np.float64(0.042)
55.4852 	EXP 	left_label_stim: text = 'Mailbox'
55.4852 	EXP 	right_label_stim: height = np.float64(0.042)
55.4852 	EXP 	right_label_stim: height = np.float64(0.042)
55.4852 	EXP 	right_label_stim: height = np.float64(0.042)
55.4852 	EXP 	right_label_stim: text = 'Well'
55.4852 	EXP 	question_text: text = 'Which is the shortest straight-line distance from the start?'
55.4852 	EXP 	question_text: autoDraw = True
55.4852 	EXP 	cue_image: autoDraw = True
55.4852 	EXP 	cue_label_stim: autoDraw = True
55.4852 	EXP 	left_image: autoDraw = True
55.4852 	EXP 	left_label_stim: autoDraw = True
55.4852 	EXP 	right_image: autoDraw = True
55.4852 	EXP 	right_label_stim: autoDraw = True
55.5314 	EXP 	Device response: <KeyPress from None: t=55.384472899953835, value=2, duration=0.13851940003223717>
55.6232 	EXP 	Device response: <KeyPress from None: t=55.622903599985875, value=2, duration=None>
55.6240 	EXP 	New trial (rep=0, index=2): OrderedDict([('cueImage', 'stimuli/brick_picnicTable.png'), ('leftImage', 'stimuli/brick_wheelbarrow.png'), ('rightImage', 'stimuli/brick_well.png'), ('corrAns', 'left'), ('trial_type', 'line'), ('cueLabel', 'Picnic Table'), ('leftLabel', 'Wheelbarrow'), ('rightLabel', 'Well'), ('corrLabel', 'Wheelbarrow')])
55.6243 	DEPRECATION 	Clock.add() is deprecated in favor of .addTime() due to the counterintuitive design (it added time to the baseline, which reduced the values returned from getTime() )
55.6248 	DATA 	Keypress: 2
55.6312 	EXP 	question_text: autoDraw = False
55.6312 	EXP 	cue_image: autoDraw = False
55.6312 	EXP 	cue_label_stim: autoDraw = False
55.6312 	EXP 	left_image: autoDraw = False
55.6312 	EXP 	left_label_stim: autoDraw = False
55.6312 	EXP 	right_image: autoDraw = False
55.6312 	EXP 	right_label_stim: autoDraw = False
55.6312 	EXP 	fixation: autoDraw = True
55.7650 	EXP 	Device response: <KeyPress from None: t=55.622903599985875, value=2, duration=0.13437470002099872>
55.8403 	DATA 	Keypress: 2
55.8487 	EXP 	Device response: <KeyPress from None: t=55.839631799957715, value=2, duration=None>
55.9565 	EXP 	Device response: <KeyPress from None: t=55.839631799957715, value=2, duration=0.11207930004457012>
56.0648 	EXP 	Device response: <KeyPress from None: t=56.06342239998048, value=2, duration=None>
56.0653 	DATA 	Keypress: 2
56.1814 	EXP 	Device response: <KeyPress from None: t=56.06342239998048, value=2, duration=0.1151584999752231>
56.2903 	EXP 	Device response: <KeyPress from None: t=56.28692139999475, value=2, duration=None>
56.2915 	DATA 	Keypress: 2
56.3985 	EXP 	Device response: <KeyPress from None: t=56.28692139999475, value=2, duration=0.11104089999571443>
56.4986 	EXP 	Device response: <KeyPress from None: t=56.49191599996993, value=2, duration=None>
56.4995 	DATA 	Keypress: 2
56.6149 	EXP 	Device response: <KeyPress from None: t=56.49191599996993, value=2, duration=0.116722300008405>
56.6415 	INFO 	Keyboard events cleared
56.6414 	EXP 	fixation: autoDraw = False
56.6414 	EXP 	cue_image: image = 'stimuli/brick_picnicTable.png'
56.6414 	EXP 	left_image: image = 'stimuli/brick_wheelbarrow.png'
56.6414 	EXP 	right_image: image = 'stimuli/brick_well.png'
56.6414 	EXP 	cue_label_stim: height = np.float64(0.042)
56.6414 	EXP 	cue_label_stim: height = np.float64(0.042)
56.6414 	EXP 	cue_label_stim: height = np.float64(0.042)
56.6414 	EXP 	cue_label_stim: text = 'Picnic Table'
56.6414 	EXP 	left_label_stim: height = np.float64(0.042)
56.6414 	EXP 	left_label_stim: height = np.float64(0.042)
56.6414 	EXP 	left_label_stim: height = np.float64(0.042)
56.6414 	EXP 	left_label_stim: text = 'Wheelbarrow'
56.6414 	EXP 	right_label_stim: text = 'Well'
56.6414 	EXP 	question_text: text = 'Which is the shortest straight-line distance from the start?'
56.6414 	EXP 	question_text: autoDraw = True
56.6414 	EXP 	cue_image: autoDraw = True
56.6414 	EXP 	cue_label_stim: autoDraw = True
56.6414 	EXP 	left_image: autoDraw = True
56.6414 	EXP 	left_label_stim: autoDraw = True
56.6414 	EXP 	right_image: autoDraw = True
56.6414 	EXP 	right_label_stim: autoDraw = True
56.7317 	EXP 	Device response: <KeyPress from None: t=56.72487909998745, value=2, duration=None>
56.7324 	EXP 	New trial (rep=0, index=3): OrderedDict([('cueImage', 'stimuli/brick_chair.png'), ('leftImage', 'stimuli/brick_piano.png'), ('rightImage', 'stimuli/brick_well.png'), ('corrAns', 'right'), ('trial_type', 'route'), ('cueLabel', 'Chair'), ('leftLabel', 'Piano'), ('rightLabel', 'Well'), ('corrLabel', 'Well')])
56.7326 	DEPRECATION 	Clock.add() is deprecated in favor of .addTime() due to the counterintuitive design (it added time to the baseline, which reduced the values returned from getTime() )
56.7331 	DATA 	Keypress: 2
56.7397 	EXP 	question_text: autoDraw = False
56.7397 	EXP 	cue_image: autoDraw = False
56.7397 	EXP 	cue_label_stim: autoDraw = False
56.7397 	EXP 	left_image: autoDraw = False
56.7397 	EXP 	left_label_stim: autoDraw = False
56.7397 	EXP 	right_image: autoDraw = False
56.7397 	EXP 	right_label_stim: autoDraw = False
56.7397 	EXP 	fixation: autoDraw = True
56.8566 	EXP 	Device response: <KeyPress from None: t=56.72487909998745, value=2, duration=0.12798879999900237>
56.9901 	EXP 	Device response: <KeyPress from None: t=56.98822629998904, value=2, duration=None>
56.9908 	DATA 	Keypress: 2
57.1396 	EXP 	Device response: <KeyPress from None: t=56.98822629998904, value=2, duration=0.1435650999774225>
57.7445 	INFO 	Keyboard events cleared
57.7444 	EXP 	fixation: autoDraw = False
57.7444 	EXP 	cue_image: image = 'stimuli/brick_chair.png'
57.7444 	EXP 	left_image: image = 'stimuli/brick_piano.png'
57.7444 	EXP 	right_image: image = 'stimuli/brick_well.png'
57.7444 	EXP 	cue_label_stim: height = np.float64(0.042)
57.7444 	EXP 	cue_label_stim: height = np.float64(0.042)
57.7444 	EXP 	cue_label_stim: height = np.float64(0.042)
57.7444 	EXP 	cue_label_stim: text = 'Chair'
57.7444 	EXP 	left_label_stim: height = np.float64(0.042)
57.7444 	EXP 	left_label_stim: height = np.float64(0.042)
57.7444 	EXP 	left_label_stim: height = np.float64(0.042)
57.7444 	EXP 	left_label_stim: text = 'Piano'
57.7444 	EXP 	right_label_stim: text = 'Well'
57.7444 	EXP 	question_text: height = np.float64(0.055)
57.7444 	EXP 	question_text: height = np.float64(0.055)
57.7444 	EXP 	question_text: height = np.float64(0.055)
57.7444 	EXP 	question_text: text = 'Which is the shortest path distance from the start?'
57.7444 	EXP 	question_text: autoDraw = True
57.7444 	EXP 	cue_image: autoDraw = True
57.7444 	EXP 	cue_label_stim: autoDraw = True
57.7444 	EXP 	left_image: autoDraw = True
57.7444 	EXP 	left_label_stim: autoDraw = True
57.7444 	EXP 	right_image: autoDraw = True
57.7444 	EXP 	right_label_stim: autoDraw = True
67.7501 	EXP 	New trial (rep=0, index=4): OrderedDict([('cueImage', 'stimuli/brick_piano.png'), ('leftImage', 'stimuli/brick_trashcan.png'), ('rightImage', 'stimuli/brick_mailbox.png'), ('corrAns', 'left'), ('trial_type', 'route'), ('cueLabel', 'Piano'), ('leftLabel', 'Trash Can'), ('rightLabel', 'Mailbox'), ('corrLabel', 'Trash Can')])
67.7505 	DEPRECATION 	Clock.add() is deprecated in favor of .addTime() due to the counterintuitive design (it added time to the baseline, which reduced the values returned from getTime() )
67.7577 	EXP 	question_text: autoDraw = False
67.7577 	EXP 	cue_image: autoDraw = False
67.7577 	EXP 	cue_label_stim: autoDraw = False
67.7577 	EXP 	left_image: autoDraw = False
67.7577 	EXP 	left_label_stim: autoDraw = False
67.7577 	EXP 	right_image: autoDraw = False
67.7577 	EXP 	right_label_stim: autoDraw = False
67.7577 	EXP 	fixation: autoDraw = True
68.7700 	INFO 	Keyboard events cleared
68.7700 	EXP 	fixation: autoDraw = False
68.7700 	EXP 	cue_image: image = 'stimuli/brick_piano.png'
68.7700 	EXP 	left_image: image = 'stimuli/brick_trashcan.png'
68.7700 	EXP 	right_image: image = 'stimuli/brick_mailbox.png'
68.7700 	EXP 	cue_label_stim: height = np.float64(0.042)
68.7700 	EXP 	cue_label_stim: height = np.float64(0.042)
68.7700 	EXP 	cue_label_stim: height = np.float64(0.042)
68.7700 	EXP 	cue_label_stim: text = 'Piano'
68.7700 	EXP 	left_label_stim: height = np.float64(0.042)
68.7700 	EXP 	left_label_stim: height = np.float64(0.042)
68.7700 	EXP 	left_label_stim: height = np.float64(0.042)
68.7700 	EXP 	left_label_stim: text = 'Trash Can'
68.7700 	EXP 	right_label_stim: height = np.float64(0.042)
68.7700 	EXP 	right_label_stim: height = np.float64(0.042)
68.7700 	EXP 	right_label_stim: height = np.float64(0.042)
68.7700 	EXP 	right_label_stim: text = 'Mailbox'
68.7700 	EXP 	question_text: text = 'Which is the shortest path distance from the start?'
68.7700 	EXP 	question_text: autoDraw = True
68.7700 	EXP 	cue_image: autoDraw = True
68.7700 	EXP 	cue_label_stim: autoDraw = True
68.7700 	EXP 	left_image: autoDraw = True
68.7700 	EXP 	left_label_stim: autoDraw = True
68.7700 	EXP 	right_image: autoDraw = True
68.7700 	EXP 	right_label_stim: autoDraw = True
71.0452 	DATA 	Mouse: Left button down, pos=(1286,441)
71.1354 	DATA 	Mouse:  Left button up, pos=(1286,442)
71.6601 	DATA 	Keypress: 2
71.6669 	EXP 	Device response: <KeyPress from None: t=71.65987339999992, value=2, duration=None>
71.6676 	EXP 	New trial (rep=0, index=5): OrderedDict([('cueImage', 'stimuli/brick_wheelbarrow.png'), ('leftImage', 'stimuli/brick_picnicTable.png'), ('rightImage', 'stimuli/brick_mailbox.png'), ('corrAns', 'left'), ('trial_type', 'route'), ('cueLabel', 'Wheelbarrow'), ('leftLabel', 'Picnic Table'), ('rightLabel', 'Mailbox'), ('corrLabel', 'Picnic Table')])
71.6678 	DEPRECATION 	Clock.add() is deprecated in favor of .addTime() due to the counterintuitive design (it added time to the baseline, which reduced the values returned from getTime() )
71.6747 	EXP 	question_text: autoDraw = False
71.6747 	EXP 	cue_image: autoDraw = False
71.6747 	EXP 	cue_label_stim: autoDraw = False
71.6747 	EXP 	left_image: autoDraw = False
71.6747 	EXP 	left_label_stim: autoDraw = False
71.6747 	EXP 	right_image: autoDraw = False
71.6747 	EXP 	right_label_stim: autoDraw = False
71.6747 	EXP 	fixation: autoDraw = True
71.8251 	EXP 	Device response: <KeyPress from None: t=71.65987339999992, value=2, duration=0.15675219998229295>
72.6854 	INFO 	Keyboard events cleared
72.6853 	EXP 	fixation: autoDraw = False
72.6853 	EXP 	cue_image: image = 'stimuli/brick_wheelbarrow.png'
72.6853 	EXP 	left_image: image = 'stimuli/brick_picnicTable.png'
72.6853 	EXP 	right_image: image = 'stimuli/brick_mailbox.png'
72.6853 	EXP 	cue_label_stim: height = np.float64(0.042)
72.6853 	EXP 	cue_label_stim: height = np.float64(0.042)
72.6853 	EXP 	cue_label_stim: height = np.float64(0.042)
72.6853 	EXP 	cue_label_stim: text = 'Wheelbarrow'
72.6853 	EXP 	left_label_stim: height = np.float64(0.042)
72.6853 	EXP 	left_label_stim: height = np.float64(0.042)
72.6853 	EXP 	left_label_stim: height = np.float64(0.042)
72.6853 	EXP 	left_label_stim: text = 'Picnic Table'
72.6853 	EXP 	right_label_stim: text = 'Mailbox'
72.6853 	EXP 	question_text: text = 'Which is the shortest path distance from the start?'
72.6853 	EXP 	question_text: autoDraw = True
72.6853 	EXP 	cue_image: autoDraw = True
72.6853 	EXP 	cue_label_stim: autoDraw = True
72.6853 	EXP 	left_image: autoDraw = True
72.6853 	EXP 	left_label_stim: autoDraw = True
72.6853 	EXP 	right_image: autoDraw = True
72.6853 	EXP 	right_label_stim: autoDraw = True
72.9671 	EXP 	Device response: <KeyPress from None: t=72.96183619997464, value=2, duration=None>
72.9681 	EXP 	New trial (rep=0, index=6): OrderedDict([('cueImage', 'stimuli/brick_chair.png'), ('leftImage', 'stimuli/brick_well.png'), ('rightImage', 'stimuli/brick_trashcan.png'), ('corrAns', 'left'), ('trial_type', 'line'), ('cueLabel', 'Chair'), ('leftLabel', 'Well'), ('rightLabel', 'Trash Can'), ('corrLabel', 'Well')])
72.9683 	DEPRECATION 	Clock.add() is deprecated in favor of .addTime() due to the counterintuitive design (it added time to the baseline, which reduced the values returned from getTime() )
72.9688 	DATA 	Keypress: 2
72.9749 	EXP 	question_text: autoDraw = False
72.9749 	EXP 	cue_image: autoDraw = False
72.9749 	EXP 	cue_label_stim: autoDraw = False
72.9749 	EXP 	left_image: autoDraw = False
72.9749 	EXP 	left_label_stim: autoDraw = False
72.9749 	EXP 	right_image: autoDraw = False
72.9749 	EXP 	right_label_stim: autoDraw = False
72.9749 	EXP 	fixation: autoDraw = True
73.1251 	EXP 	Device response: <KeyPress from None: t=72.96183619997464, value=2, duration=0.15842150000389665>
73.9867 	INFO 	Keyboard events cleared
73.9866 	EXP 	fixation: autoDraw = False
73.9866 	EXP 	cue_image: image = 'stimuli/brick_chair.png'
73.9866 	EXP 	left_image: image = 'stimuli/brick_well.png'
73.9866 	EXP 	right_image: image = 'stimuli/brick_trashcan.png'
73.9866 	EXP 	cue_label_stim: height = np.float64(0.042)
73.9866 	EXP 	cue_label_stim: height = np.float64(0.042)
73.9866 	EXP 	cue_label_stim: height = np.float64(0.042)
73.9866 	EXP 	cue_label_stim: text = 'Chair'
73.9866 	EXP 	left_label_stim: height = np.float64(0.042)
73.9866 	EXP 	left_label_stim: height = np.float64(0.042)
73.9866 	EXP 	left_label_stim: height = np.float64(0.042)
73.9866 	EXP 	left_label_stim: text = 'Well'
73.9866 	EXP 	right_label_stim: height = np.float64(0.042)
73.9866 	EXP 	right_label_stim: height = np.float64(0.042)
73.9866 	EXP 	right_label_stim: height = np.float64(0.042)
73.9866 	EXP 	right_label_stim: text = 'Trash Can'
73.9866 	EXP 	question_text: height = np.float64(0.055)
73.9866 	EXP 	question_text: height = np.float64(0.055)
73.9866 	EXP 	question_text: height = np.float64(0.055)
73.9866 	EXP 	question_text: text = 'Which is the shortest straight-line distance from the start?'
73.9866 	EXP 	question_text: autoDraw = True
73.9866 	EXP 	cue_image: autoDraw = True
73.9866 	EXP 	cue_label_stim: autoDraw = True
73.9866 	EXP 	left_image: autoDraw = True
73.9866 	EXP 	left_label_stim: autoDraw = True
73.9866 	EXP 	right_image: autoDraw = True
73.9866 	EXP 	right_label_stim: autoDraw = True
74.1506 	EXP 	Device response: <KeyPress from None: t=74.14502269995864, value=1, duration=None>
74.1520 	EXP 	New trial (rep=0, index=7): OrderedDict([('cueImage', 'stimuli/brick_trashcan.png'), ('leftImage', 'stimuli/brick_mailbox.png'), ('rightImage', 'stimuli/brick_piano.png'), ('corrAns', 'right'), ('trial_type', 'line'), ('cueLabel', 'Trash Can'), ('leftLabel', 'Mailbox'), ('rightLabel', 'Piano'), ('corrLabel', 'Piano')])
74.1524 	DEPRECATION 	Clock.add() is deprecated in favor of .addTime() due to the counterintuitive design (it added time to the baseline, which reduced the values returned from getTime() )
74.1530 	DATA 	Keypress: 1
74.1580 	EXP 	question_text: autoDraw = False
74.1580 	EXP 	cue_image: autoDraw = False
74.1580 	EXP 	cue_label_stim: autoDraw = False
74.1580 	EXP 	left_image: autoDraw = False
74.1580 	EXP 	left_label_stim: autoDraw = False
74.1580 	EXP 	right_image: autoDraw = False
74.1580 	EXP 	right_label_stim: autoDraw = False
74.1580 	EXP 	fixation: autoDraw = True
74.3268 	EXP 	Device response: <KeyPress from None: t=74.14502269995864, value=1, duration=0.17268459999468178>
75.1732 	INFO 	Keyboard events cleared
75.1730 	EXP 	fixation: autoDraw = False
75.1730 	EXP 	cue_image: image = 'stimuli/brick_trashcan.png'
75.1730 	EXP 	left_image: image = 'stimuli/brick_mailbox.png'
75.1730 	EXP 	right_image: image = 'stimuli/brick_piano.png'
75.1730 	EXP 	cue_label_stim: height = np.float64(0.042)
75.1730 	EXP 	cue_label_stim: height = np.float64(0.042)
75.1730 	EXP 	cue_label_stim: height = np.float64(0.042)
75.1730 	EXP 	cue_label_stim: text = 'Trash Can'
75.1730 	EXP 	left_label_stim: height = np.float64(0.042)
75.1730 	EXP 	left_label_stim: height = np.float64(0.042)
75.1730 	EXP 	left_label_stim: height = np.float64(0.042)
75.1730 	EXP 	left_label_stim: text = 'Mailbox'
75.1730 	EXP 	right_label_stim: height = np.float64(0.042)
75.1730 	EXP 	right_label_stim: height = np.float64(0.042)
75.1730 	EXP 	right_label_stim: height = np.float64(0.042)
75.1730 	EXP 	right_label_stim: text = 'Piano'
75.1730 	EXP 	question_text: text = 'Which is the shortest straight-line distance from the start?'
75.1730 	EXP 	question_text: autoDraw = True
75.1730 	EXP 	cue_image: autoDraw = True
75.1730 	EXP 	cue_label_stim: autoDraw = True
75.1730 	EXP 	left_image: autoDraw = True
75.1730 	EXP 	left_label_stim: autoDraw = True
75.1730 	EXP 	right_image: autoDraw = True
75.1730 	EXP 	right_label_stim: autoDraw = True
75.6258 	EXP 	Device response: <KeyPress from None: t=75.62283789995126, value=2, duration=None>
75.6265 	EXP 	New trial (rep=0, index=8): OrderedDict([('cueImage', 'stimuli/brick_plant.png'), ('leftImage', 'stimuli/brick_picnicTable.png'), ('rightImage', 'stimuli/brick_chair.png'), ('corrAns', 'left'), ('trial_type', 'route'), ('cueLabel', 'Plant'), ('leftLabel', 'Picnic Table'), ('rightLabel', 'Chair'), ('corrLabel', 'Picnic Table')])
75.6267 	DEPRECATION 	Clock.add() is deprecated in favor of .addTime() due to the counterintuitive design (it added time to the baseline, which reduced the values returned from getTime() )
75.6271 	DATA 	Keypress: 2
75.6333 	EXP 	question_text: autoDraw = False
75.6333 	EXP 	cue_image: autoDraw = False
75.6333 	EXP 	cue_label_stim: autoDraw = False
75.6333 	EXP 	left_image: autoDraw = False
75.6333 	EXP 	left_label_stim: autoDraw = False
75.6333 	EXP 	right_image: autoDraw = False
75.6333 	EXP 	right_label_stim: autoDraw = False
75.6333 	EXP 	fixation: autoDraw = True
75.7672 	EXP 	Device response: <KeyPress from None: t=75.62283789995126, value=2, duration=0.1398834000574425>
76.3765 	DATA 	Keypress: 1
76.3838 	EXP 	Device response: <KeyPress from None: t=76.37599269999191, value=1, duration=None>
76.5259 	EXP 	Device response: <KeyPress from None: t=76.37599269999191, value=1, duration=0.14673320000292733>
76.6463 	INFO 	Keyboard events cleared
76.6462 	EXP 	fixation: autoDraw = False
76.6462 	EXP 	cue_image: image = 'stimuli/brick_plant.png'
76.6462 	EXP 	left_image: image = 'stimuli/brick_picnicTable.png'
76.6462 	EXP 	right_image: image = 'stimuli/brick_chair.png'
76.6462 	EXP 	cue_label_stim: height = np.float64(0.042)
76.6462 	EXP 	cue_label_stim: height = np.float64(0.042)
76.6462 	EXP 	cue_label_stim: height = np.float64(0.042)
76.6462 	EXP 	cue_label_stim: text = 'Plant'
76.6462 	EXP 	left_label_stim: height = np.float64(0.042)
76.6462 	EXP 	left_label_stim: height = np.float64(0.042)
76.6462 	EXP 	left_label_stim: height = np.float64(0.042)
76.6462 	EXP 	left_label_stim: text = 'Picnic Table'
76.6462 	EXP 	right_label_stim: height = np.float64(0.042)
76.6462 	EXP 	right_label_stim: height = np.float64(0.042)
76.6462 	EXP 	right_label_stim: height = np.float64(0.042)
76.6462 	EXP 	right_label_stim: text = 'Chair'
76.6462 	EXP 	question_text: height = np.float64(0.055)
76.6462 	EXP 	question_text: height = np.float64(0.055)
76.6462 	EXP 	question_text: height = np.float64(0.055)
76.6462 	EXP 	question_text: text = 'Which is the shortest path distance from the start?'
76.6462 	EXP 	question_text: autoDraw = True
76.6462 	EXP 	cue_image: autoDraw = True
76.6462 	EXP 	cue_label_stim: autoDraw = True
76.6462 	EXP 	left_image: autoDraw = True
76.6462 	EXP 	left_label_stim: autoDraw = True
76.6462 	EXP 	right_image: autoDraw = True
76.6462 	EXP 	right_label_stim: autoDraw = True
76.7923 	EXP 	Device response: <KeyPress from None: t=76.79154229996493, value=1, duration=None>
76.7930 	EXP 	New trial (rep=0, index=9): OrderedDict([('cueImage', 'stimuli/brick_wheelbarrow.png'), ('leftImage', 'stimuli/brick_trashcan.png'), ('rightImage', 'stimuli/brick_harp.png'), ('corrAns', 'right'), ('trial_type', 'line'), ('cueLabel', 'Wheelbarrow'), ('leftLabel', 'Trash Can'), ('rightLabel', 'Harp'), ('corrLabel', 'Harp')])
76.7932 	DEPRECATION 	Clock.add() is deprecated in favor of .addTime() due to the counterintuitive design (it added time to the baseline, which reduced the values returned from getTime() )
76.7939 	DATA 	Keypress: 1
76.8005 	EXP 	question_text: autoDraw = False
76.8005 	EXP 	cue_image: autoDraw = False
76.8005 	EXP 	cue_label_stim: autoDraw = False
76.8005 	EXP 	left_image: autoDraw = False
76.8005 	EXP 	left_label_stim: autoDraw = False
76.8005 	EXP 	right_image: autoDraw = False
76.8005 	EXP 	right_label_stim: autoDraw = False
76.8005 	EXP 	fixation: autoDraw = True
76.9594 	EXP 	Device response: <KeyPress from None: t=76.79154229996493, value=1, duration=0.16751250001834705>
77.8131 	INFO 	Keyboard events cleared
77.8130 	EXP 	fixation: autoDraw = False
77.8130 	EXP 	cue_image: image = 'stimuli/brick_wheelbarrow.png'
77.8130 	EXP 	left_image: image = 'stimuli/brick_trashcan.png'
77.8130 	EXP 	right_image: image = 'stimuli/brick_harp.png'
77.8130 	EXP 	cue_label_stim: height = np.float64(0.042)
77.8130 	EXP 	cue_label_stim: height = np.float64(0.042)
77.8130 	EXP 	cue_label_stim: height = np.float64(0.042)
77.8130 	EXP 	cue_label_stim: text = 'Wheelbarrow'
77.8130 	EXP 	left_label_stim: height = np.float64(0.042)
77.8130 	EXP 	left_label_stim: height = np.float64(0.042)
77.8130 	EXP 	left_label_stim: height = np.float64(0.042)
77.8130 	EXP 	left_label_stim: text = 'Trash Can'
77.8130 	EXP 	right_label_stim: height = np.float64(0.042)
77.8130 	EXP 	right_label_stim: height = np.float64(0.042)
77.8130 	EXP 	right_label_stim: height = np.float64(0.042)
77.8130 	EXP 	right_label_stim: text = 'Harp'
77.8130 	EXP 	question_text: height = np.float64(0.055)
77.8130 	EXP 	question_text: height = np.float64(0.055)
77.8130 	EXP 	question_text: height = np.float64(0.055)
77.8130 	EXP 	question_text: text = 'Which is the shortest straight-line distance from the start?'
77.8130 	EXP 	question_text: autoDraw = True
77.8130 	EXP 	cue_image: autoDraw = True
77.8130 	EXP 	cue_label_stim: autoDraw = True
77.8130 	EXP 	left_image: autoDraw = True
77.8130 	EXP 	left_label_stim: autoDraw = True
77.8130 	EXP 	right_image: autoDraw = True
77.8130 	EXP 	right_label_stim: autoDraw = True
78.1923 	EXP 	Device response: <KeyPress from None: t=78.18964449997293, value=2, duration=None>
78.1932 	EXP 	New trial (rep=0, index=10): OrderedDict([('cueImage', 'stimuli/brick_plant.png'), ('leftImage', 'stimuli/brick_well.png'), ('rightImage', 'stimuli/brick_oven.png'), ('corrAns', 'right'), ('trial_type', 'line'), ('cueLabel', 'Plant'), ('leftLabel', 'Well'), ('rightLabel', 'Oven'), ('corrLabel', 'Oven')])
78.1934 	DEPRECATION 	Clock.add() is deprecated in favor of .addTime() due to the counterintuitive design (it added time to the baseline, which reduced the values returned from getTime() )
78.1938 	DATA 	Keypress: 2
78.2005 	EXP 	question_text: autoDraw = False
78.2005 	EXP 	cue_image: autoDraw = False
78.2005 	EXP 	cue_label_stim: autoDraw = False
78.2005 	EXP 	left_image: autoDraw = False
78.2005 	EXP 	left_label_stim: autoDraw = False
78.2005 	EXP 	right_image: autoDraw = False
78.2005 	EXP 	right_label_stim: autoDraw = False
78.2005 	EXP 	fixation: autoDraw = True
78.3423 	EXP 	Device response: <KeyPress from None: t=78.18964449997293, value=2, duration=0.1450874999864027>
79.1843 	EXP 	Device response: <KeyPress from None: t=79.1781909999554, value=2, duration=None>
79.1851 	DATA 	Keypress: 2
79.2142 	INFO 	Keyboard events cleared
79.2141 	EXP 	fixation: autoDraw = False
79.2141 	EXP 	cue_image: image = 'stimuli/brick_plant.png'
79.2141 	EXP 	left_image: image = 'stimuli/brick_well.png'
79.2141 	EXP 	right_image: image = 'stimuli/brick_oven.png'
79.2141 	EXP 	cue_label_stim: height = np.float64(0.042)
79.2141 	EXP 	cue_label_stim: height = np.float64(0.042)
79.2141 	EXP 	cue_label_stim: height = np.float64(0.042)
79.2141 	EXP 	cue_label_stim: text = 'Plant'
79.2141 	EXP 	left_label_stim: height = np.float64(0.042)
79.2141 	EXP 	left_label_stim: height = np.float64(0.042)
79.2141 	EXP 	left_label_stim: height = np.float64(0.042)
79.2141 	EXP 	left_label_stim: text = 'Well'
79.2141 	EXP 	right_label_stim: height = np.float64(0.042)
79.2141 	EXP 	right_label_stim: height = np.float64(0.042)
79.2141 	EXP 	right_label_stim: height = np.float64(0.042)
79.2141 	EXP 	right_label_stim: text = 'Oven'
79.2141 	EXP 	question_text: text = 'Which is the shortest straight-line distance from the start?'
79.2141 	EXP 	question_text: autoDraw = True
79.2141 	EXP 	cue_image: autoDraw = True
79.2141 	EXP 	cue_label_stim: autoDraw = True
79.2141 	EXP 	left_image: autoDraw = True
79.2141 	EXP 	left_label_stim: autoDraw = True
79.2141 	EXP 	right_image: autoDraw = True
79.2141 	EXP 	right_label_stim: autoDraw = True
79.3841 	EXP 	Device response: <KeyPress from None: t=79.1781909999554, value=2, duration=0.2034226999967359>
79.5511 	EXP 	Device response: <KeyPress from None: t=79.54852439998649, value=2, duration=None>
79.5518 	EXP 	New trial (rep=0, index=11): OrderedDict([('cueImage', 'stimuli/brick_telescope.png'), ('leftImage', 'stimuli/brick_bookshelf.png'), ('rightImage', 'stimuli/brick_mailbox.png'), ('corrAns', 'right'), ('trial_type', 'route'), ('cueLabel', 'Telescope'), ('leftLabel', 'Bookshelf'), ('rightLabel', 'Mailbox'), ('corrLabel', 'Mailbox')])
79.5521 	DEPRECATION 	Clock.add() is deprecated in favor of .addTime() due to the counterintuitive design (it added time to the baseline, which reduced the values returned from getTime() )
79.5526 	DATA 	Keypress: 2
79.5591 	EXP 	question_text: autoDraw = False
79.5591 	EXP 	cue_image: autoDraw = False
79.5591 	EXP 	cue_label_stim: autoDraw = False
79.5591 	EXP 	left_image: autoDraw = False
79.5591 	EXP 	left_label_stim: autoDraw = False
79.5591 	EXP 	right_image: autoDraw = False
79.5591 	EXP 	right_label_stim: autoDraw = False
79.5591 	EXP 	fixation: autoDraw = True
79.7591 	EXP 	Device response: <KeyPress from None: t=79.54852439998649, value=2, duration=0.20985909999581054>
80.5722 	INFO 	Keyboard events cleared
80.5721 	EXP 	fixation: autoDraw = False
80.5721 	EXP 	cue_image: image = 'stimuli/brick_telescope.png'
80.5721 	EXP 	left_image: image = 'stimuli/brick_bookshelf.png'
80.5721 	EXP 	right_image: image = 'stimuli/brick_mailbox.png'
80.5721 	EXP 	cue_label_stim: height = np.float64(0.042)
80.5721 	EXP 	cue_label_stim: height = np.float64(0.042)
80.5721 	EXP 	cue_label_stim: height = np.float64(0.042)
80.5721 	EXP 	cue_label_stim: text = 'Telescope'
80.5721 	EXP 	left_label_stim: height = np.float64(0.042)
80.5721 	EXP 	left_label_stim: height = np.float64(0.042)
80.5721 	EXP 	left_label_stim: height = np.float64(0.042)
80.5721 	EXP 	left_label_stim: text = 'Bookshelf'
80.5721 	EXP 	right_label_stim: height = np.float64(0.042)
80.5721 	EXP 	right_label_stim: height = np.float64(0.042)
80.5721 	EXP 	right_label_stim: height = np.float64(0.042)
80.5721 	EXP 	right_label_stim: text = 'Mailbox'
80.5721 	EXP 	question_text: height = np.float64(0.055)
80.5721 	EXP 	question_text: height = np.float64(0.055)
80.5721 	EXP 	question_text: height = np.float64(0.055)
80.5721 	EXP 	question_text: text = 'Which is the shortest path distance from the start?'
80.5721 	EXP 	question_text: autoDraw = True
80.5721 	EXP 	cue_image: autoDraw = True
80.5721 	EXP 	cue_label_stim: autoDraw = True
80.5721 	EXP 	left_image: autoDraw = True
80.5721 	EXP 	left_label_stim: autoDraw = True
80.5721 	EXP 	right_image: autoDraw = True
80.5721 	EXP 	right_label_stim: autoDraw = True
80.9759 	EXP 	Device response: <KeyPress from None: t=80.97258629999124, value=2, duration=None>
80.9767 	EXP 	New trial (rep=0, index=12): OrderedDict([('cueImage', 'stimuli/brick_piano.png'), ('leftImage', 'stimuli/brick_mailbox.png'), ('rightImage', 'stimuli/brick_bookshelf.png'), ('corrAns', 'right'), ('trial_type', 'line'), ('cueLabel', 'Piano'), ('leftLabel', 'Mailbox'), ('rightLabel', 'Bookshelf'), ('corrLabel', 'Bookshelf')])
80.9770 	DEPRECATION 	Clock.add() is deprecated in favor of .addTime() due to the counterintuitive design (it added time to the baseline, which reduced the values returned from getTime() )
80.9784 	DATA 	Keypress: 2
80.9838 	EXP 	question_text: autoDraw = False
80.9838 	EXP 	cue_image: autoDraw = False
80.9838 	EXP 	cue_label_stim: autoDraw = False
80.9838 	EXP 	left_image: autoDraw = False
80.9838 	EXP 	left_label_stim: autoDraw = False
80.9838 	EXP 	right_image: autoDraw = False
80.9838 	EXP 	right_label_stim: autoDraw = False
80.9838 	EXP 	fixation: autoDraw = True
81.1674 	EXP 	Device response: <KeyPress from None: t=80.97258629999124, value=2, duration=0.1902097999700345>
81.9974 	INFO 	Keyboard events cleared
81.9973 	EXP 	fixation: autoDraw = False
81.9973 	EXP 	cue_image: image = 'stimuli/brick_piano.png'
81.9973 	EXP 	left_image: image = 'stimuli/brick_mailbox.png'
81.9973 	EXP 	right_image: image = 'stimuli/brick_bookshelf.png'
81.9973 	EXP 	cue_label_stim: height = np.float64(0.042)
81.9973 	EXP 	cue_label_stim: height = np.float64(0.042)
81.9973 	EXP 	cue_label_stim: height = np.float64(0.042)
81.9973 	EXP 	cue_label_stim: text = 'Piano'
81.9973 	EXP 	left_label_stim: height = np.float64(0.042)
81.9973 	EXP 	left_label_stim: height = np.float64(0.042)
81.9973 	EXP 	left_label_stim: height = np.float64(0.042)
81.9973 	EXP 	left_label_stim: text = 'Mailbox'
81.9973 	EXP 	right_label_stim: height = np.float64(0.042)
81.9973 	EXP 	right_label_stim: height = np.float64(0.042)
81.9973 	EXP 	right_label_stim: height = np.float64(0.042)
81.9973 	EXP 	right_label_stim: text = 'Bookshelf'
81.9973 	EXP 	question_text: height = np.float64(0.055)
81.9973 	EXP 	question_text: height = np.float64(0.055)
81.9973 	EXP 	question_text: height = np.float64(0.055)
81.9973 	EXP 	question_text: text = 'Which is the shortest straight-line distance from the start?'
81.9973 	EXP 	question_text: autoDraw = True
81.9973 	EXP 	cue_image: autoDraw = True
81.9973 	EXP 	cue_label_stim: autoDraw = True
81.9973 	EXP 	left_image: autoDraw = True
81.9973 	EXP 	left_label_stim: autoDraw = True
81.9973 	EXP 	right_image: autoDraw = True
81.9973 	EXP 	right_label_stim: autoDraw = True
82.2514 	EXP 	Device response: <KeyPress from None: t=82.24472759995842, value=2, duration=None>
82.2521 	EXP 	New trial (rep=0, index=13): OrderedDict([('cueImage', 'stimuli/brick_harp.png'), ('leftImage', 'stimuli/brick_wheelbarrow.png'), ('rightImage', 'stimuli/brick_oven.png'), ('corrAns', 'left'), ('trial_type', 'route'), ('cueLabel', 'Harp'), ('leftLabel', 'Wheelbarrow'), ('rightLabel', 'Oven'), ('corrLabel', 'Wheelbarrow')])
82.2523 	DEPRECATION 	Clock.add() is deprecated in favor of .addTime() due to the counterintuitive design (it added time to the baseline, which reduced the values returned from getTime() )
82.2527 	DATA 	Keypress: 2
82.2591 	EXP 	question_text: autoDraw = False
82.2591 	EXP 	cue_image: autoDraw = False
82.2591 	EXP 	cue_label_stim: autoDraw = False
82.2591 	EXP 	left_image: autoDraw = False
82.2591 	EXP 	left_label_stim: autoDraw = False
82.2591 	EXP 	right_image: autoDraw = False
82.2591 	EXP 	right_label_stim: autoDraw = False
82.2591 	EXP 	fixation: autoDraw = True
82.4350 	EXP 	Device response: <KeyPress from None: t=82.24472759995842, value=2, duration=0.18468080001184717>
83.2702 	INFO 	Keyboard events cleared
83.2701 	EXP 	fixation: autoDraw = False
83.2701 	EXP 	cue_image: image = 'stimuli/brick_harp.png'
83.2701 	EXP 	left_image: image = 'stimuli/brick_wheelbarrow.png'
83.2701 	EXP 	right_image: image = 'stimuli/brick_oven.png'
83.2701 	EXP 	cue_label_stim: height = np.float64(0.042)
83.2701 	EXP 	cue_label_stim: height = np.float64(0.042)
83.2701 	EXP 	cue_label_stim: height = np.float64(0.042)
83.2701 	EXP 	cue_label_stim: text = 'Harp'
83.2701 	EXP 	left_label_stim: height = np.float64(0.042)
83.2701 	EXP 	left_label_stim: height = np.float64(0.042)
83.2701 	EXP 	left_label_stim: height = np.float64(0.042)
83.2701 	EXP 	left_label_stim: text = 'Wheelbarrow'
83.2701 	EXP 	right_label_stim: height = np.float64(0.042)
83.2701 	EXP 	right_label_stim: height = np.float64(0.042)
83.2701 	EXP 	right_label_stim: height = np.float64(0.042)
83.2701 	EXP 	right_label_stim: text = 'Oven'
83.2701 	EXP 	question_text: height = np.float64(0.055)
83.2701 	EXP 	question_text: height = np.float64(0.055)
83.2701 	EXP 	question_text: height = np.float64(0.055)
83.2701 	EXP 	question_text: text = 'Which is the shortest path distance from the start?'
83.2701 	EXP 	question_text: autoDraw = True
83.2701 	EXP 	cue_image: autoDraw = True
83.2701 	EXP 	cue_label_stim: autoDraw = True
83.2701 	EXP 	left_image: autoDraw = True
83.2701 	EXP 	left_label_stim: autoDraw = True
83.2701 	EXP 	right_image: autoDraw = True
83.2701 	EXP 	right_label_stim: autoDraw = True
83.6686 	EXP 	Device response: <KeyPress from None: t=83.66360339999665, value=2, duration=None>
83.6693 	EXP 	New trial (rep=0, index=14): OrderedDict([('cueImage', 'stimuli/brick_bookshelf.png'), ('leftImage', 'stimuli/brick_mailbox.png'), ('rightImage', 'stimuli/brick_harp.png'), ('corrAns', 'right'), ('trial_type', 'line'), ('cueLabel', 'Bookshelf'), ('leftLabel', 'Mailbox'), ('rightLabel', 'Harp'), ('corrLabel', 'Harp')])
83.6696 	DEPRECATION 	Clock.add() is deprecated in favor of .addTime() due to the counterintuitive design (it added time to the baseline, which reduced the values returned from getTime() )
83.6702 	DATA 	Keypress: 2
83.6761 	EXP 	question_text: autoDraw = False
83.6761 	EXP 	cue_image: autoDraw = False
83.6761 	EXP 	cue_label_stim: autoDraw = False
83.6761 	EXP 	left_image: autoDraw = False
83.6761 	EXP 	left_label_stim: autoDraw = False
83.6761 	EXP 	right_image: autoDraw = False
83.6761 	EXP 	right_label_stim: autoDraw = False
83.6761 	EXP 	fixation: autoDraw = True
83.8765 	EXP 	Device response: <KeyPress from None: t=83.66360339999665, value=2, duration=0.2093536999891512>
84.6889 	INFO 	Keyboard events cleared
84.6889 	EXP 	fixation: autoDraw = False
84.6889 	EXP 	cue_image: image = 'stimuli/brick_bookshelf.png'
84.6889 	EXP 	left_image: image = 'stimuli/brick_mailbox.png'
84.6889 	EXP 	right_image: image = 'stimuli/brick_harp.png'
84.6889 	EXP 	cue_label_stim: height = np.float64(0.042)
84.6889 	EXP 	cue_label_stim: height = np.float64(0.042)
84.6889 	EXP 	cue_label_stim: height = np.float64(0.042)
84.6889 	EXP 	cue_label_stim: text = 'Bookshelf'
84.6889 	EXP 	left_label_stim: height = np.float64(0.042)
84.6889 	EXP 	left_label_stim: height = np.float64(0.042)
84.6889 	EXP 	left_label_stim: height = np.float64(0.042)
84.6889 	EXP 	left_label_stim: text = 'Mailbox'
84.6889 	EXP 	right_label_stim: height = np.float64(0.042)
84.6889 	EXP 	right_label_stim: height = np.float64(0.042)
84.6889 	EXP 	right_label_stim: height = np.float64(0.042)
84.6889 	EXP 	right_label_stim: text = 'Harp'
84.6889 	EXP 	question_text: height = np.float64(0.055)
84.6889 	EXP 	question_text: height = np.float64(0.055)
84.6889 	EXP 	question_text: height = np.float64(0.055)
84.6889 	EXP 	question_text: text = 'Which is the shortest straight-line distance from the start?'
84.6889 	EXP 	question_text: autoDraw = True
84.6889 	EXP 	cue_image: autoDraw = True
84.6889 	EXP 	cue_label_stim: autoDraw = True
84.6889 	EXP 	left_image: autoDraw = True
84.6889 	EXP 	left_label_stim: autoDraw = True
84.6889 	EXP 	right_image: autoDraw = True
84.6889 	EXP 	right_label_stim: autoDraw = True
84.7513 	EXP 	Device response: <KeyPress from None: t=84.74662499997066, value=2, duration=None>
84.7521 	EXP 	New trial (rep=0, index=15): OrderedDict([('cueImage', 'stimuli/brick_well.png'), ('leftImage', 'stimuli/brick_telescope.png'), ('rightImage', 'stimuli/brick_oven.png'), ('corrAns', 'left'), ('trial_type', 'route'), ('cueLabel', 'Well'), ('leftLabel', 'Telescope'), ('rightLabel', 'Oven'), ('corrLabel', 'Telescope')])
84.7525 	DEPRECATION 	Clock.add() is deprecated in favor of .addTime() due to the counterintuitive design (it added time to the baseline, which reduced the values returned from getTime() )
84.7532 	DATA 	Keypress: 2
84.7608 	EXP 	question_text: autoDraw = False
84.7608 	EXP 	cue_image: autoDraw = False
84.7608 	EXP 	cue_label_stim: autoDraw = False
84.7608 	EXP 	left_image: autoDraw = False
84.7608 	EXP 	left_label_stim: autoDraw = False
84.7608 	EXP 	right_image: autoDraw = False
84.7608 	EXP 	right_label_stim: autoDraw = False
84.7608 	EXP 	fixation: autoDraw = True
84.9438 	EXP 	Device response: <KeyPress from None: t=84.74662499997066, value=2, duration=0.19044050003867596>
85.7734 	INFO 	Keyboard events cleared
85.7733 	EXP 	fixation: autoDraw = False
85.7733 	EXP 	cue_image: image = 'stimuli/brick_well.png'
85.7733 	EXP 	left_image: image = 'stimuli/brick_telescope.png'
85.7733 	EXP 	right_image: image = 'stimuli/brick_oven.png'
85.7733 	EXP 	cue_label_stim: height = np.float64(0.042)
85.7733 	EXP 	cue_label_stim: height = np.float64(0.042)
85.7733 	EXP 	cue_label_stim: height = np.float64(0.042)
85.7733 	EXP 	cue_label_stim: text = 'Well'
85.7733 	EXP 	left_label_stim: height = np.float64(0.042)
85.7733 	EXP 	left_label_stim: height = np.float64(0.042)
85.7733 	EXP 	left_label_stim: height = np.float64(0.042)
85.7733 	EXP 	left_label_stim: text = 'Telescope'
85.7733 	EXP 	right_label_stim: height = np.float64(0.042)
85.7733 	EXP 	right_label_stim: height = np.float64(0.042)
85.7733 	EXP 	right_label_stim: height = np.float64(0.042)
85.7733 	EXP 	right_label_stim: text = 'Oven'
85.7733 	EXP 	question_text: height = np.float64(0.055)
85.7733 	EXP 	question_text: height = np.float64(0.055)
85.7733 	EXP 	question_text: height = np.float64(0.055)
85.7733 	EXP 	question_text: text = 'Which is the shortest path distance from the start?'
85.7733 	EXP 	question_text: autoDraw = True
85.7733 	EXP 	cue_image: autoDraw = True
85.7733 	EXP 	cue_label_stim: autoDraw = True
85.7733 	EXP 	left_image: autoDraw = True
85.7733 	EXP 	left_label_stim: autoDraw = True
85.7733 	EXP 	right_image: autoDraw = True
85.7733 	EXP 	right_label_stim: autoDraw = True
85.9017 	EXP 	Device response: <KeyPress from None: t=85.89846870000474, value=1, duration=None>
85.9023 	EXP 	New trial (rep=0, index=16): OrderedDict([('cueImage', 'stimuli/brick_trashcan.png'), ('leftImage', 'stimuli/brick_mailbox.png'), ('rightImage', 'stimuli/brick_bookshelf.png'), ('corrAns', 'right'), ('trial_type', 'route'), ('cueLabel', 'Trash Can'), ('leftLabel', 'Mailbox'), ('rightLabel', 'Bookshelf'), ('corrLabel', 'Bookshelf')])
85.9025 	DEPRECATION 	Clock.add() is deprecated in favor of .addTime() due to the counterintuitive design (it added time to the baseline, which reduced the values returned from getTime() )
85.9029 	DATA 	Keypress: 1
85.9104 	EXP 	question_text: autoDraw = False
85.9104 	EXP 	cue_image: autoDraw = False
85.9104 	EXP 	cue_label_stim: autoDraw = False
85.9104 	EXP 	left_image: autoDraw = False
85.9104 	EXP 	left_label_stim: autoDraw = False
85.9104 	EXP 	right_image: autoDraw = False
85.9104 	EXP 	right_label_stim: autoDraw = False
85.9104 	EXP 	fixation: autoDraw = True
86.2029 	EXP 	Device response: <KeyPress from None: t=85.89846870000474, value=1, duration=0.29576129995984957>
86.9221 	INFO 	Keyboard events cleared
86.9221 	EXP 	fixation: autoDraw = False
86.9221 	EXP 	cue_image: image = 'stimuli/brick_trashcan.png'
86.9221 	EXP 	left_image: image = 'stimuli/brick_mailbox.png'
86.9221 	EXP 	right_image: image = 'stimuli/brick_bookshelf.png'
86.9221 	EXP 	cue_label_stim: height = np.float64(0.042)
86.9221 	EXP 	cue_label_stim: height = np.float64(0.042)
86.9221 	EXP 	cue_label_stim: height = np.float64(0.042)
86.9221 	EXP 	cue_label_stim: text = 'Trash Can'
86.9221 	EXP 	left_label_stim: height = np.float64(0.042)
86.9221 	EXP 	left_label_stim: height = np.float64(0.042)
86.9221 	EXP 	left_label_stim: height = np.float64(0.042)
86.9221 	EXP 	left_label_stim: text = 'Mailbox'
86.9221 	EXP 	right_label_stim: height = np.float64(0.042)
86.9221 	EXP 	right_label_stim: height = np.float64(0.042)
86.9221 	EXP 	right_label_stim: height = np.float64(0.042)
86.9221 	EXP 	right_label_stim: text = 'Bookshelf'
86.9221 	EXP 	question_text: text = 'Which is the shortest path distance from the start?'
86.9221 	EXP 	question_text: autoDraw = True
86.9221 	EXP 	cue_image: autoDraw = True
86.9221 	EXP 	cue_label_stim: autoDraw = True
86.9221 	EXP 	left_image: autoDraw = True
86.9221 	EXP 	left_label_stim: autoDraw = True
86.9221 	EXP 	right_image: autoDraw = True
86.9221 	EXP 	right_label_stim: autoDraw = True
87.1764 	EXP 	Device response: <KeyPress from None: t=87.16986049996922, value=2, duration=None>
87.1773 	EXP 	New trial (rep=0, index=17): OrderedDict([('cueImage', 'stimuli/brick_mailbox.png'), ('leftImage', 'stimuli/brick_trashcan.png'), ('rightImage', 'stimuli/brick_telescope.png'), ('corrAns', 'right'), ('trial_type', 'line'), ('cueLabel', 'Mailbox'), ('leftLabel', 'Trash Can'), ('rightLabel', 'Telescope'), ('corrLabel', 'Telescope')])
87.1776 	DEPRECATION 	Clock.add() is deprecated in favor of .addTime() due to the counterintuitive design (it added time to the baseline, which reduced the values returned from getTime() )
87.1780 	DATA 	Keypress: 2
87.1846 	EXP 	question_text: autoDraw = False
87.1846 	EXP 	cue_image: autoDraw = False
87.1846 	EXP 	cue_label_stim: autoDraw = False
87.1846 	EXP 	left_image: autoDraw = False
87.1846 	EXP 	left_label_stim: autoDraw = False
87.1846 	EXP 	right_image: autoDraw = False
87.1846 	EXP 	right_label_stim: autoDraw = False
87.1846 	EXP 	fixation: autoDraw = True
87.3937 	EXP 	Device response: <KeyPress from None: t=87.16986049996922, value=2, duration=0.2209605000098236>
88.1951 	INFO 	Keyboard events cleared
88.1950 	EXP 	fixation: autoDraw = False
88.1950 	EXP 	cue_image: image = 'stimuli/brick_mailbox.png'
88.1950 	EXP 	left_image: image = 'stimuli/brick_trashcan.png'
88.1950 	EXP 	right_image: image = 'stimuli/brick_telescope.png'
88.1950 	EXP 	cue_label_stim: height = np.float64(0.042)
88.1950 	EXP 	cue_label_stim: height = np.float64(0.042)
88.1950 	EXP 	cue_label_stim: height = np.float64(0.042)
88.1950 	EXP 	cue_label_stim: text = 'Mailbox'
88.1950 	EXP 	left_label_stim: height = np.float64(0.042)
88.1950 	EXP 	left_label_stim: height = np.float64(0.042)
88.1950 	EXP 	left_label_stim: height = np.float64(0.042)
88.1950 	EXP 	left_label_stim: text = 'Trash Can'
88.1950 	EXP 	right_label_stim: height = np.float64(0.042)
88.1950 	EXP 	right_label_stim: height = np.float64(0.042)
88.1950 	EXP 	right_label_stim: height = np.float64(0.042)
88.1950 	EXP 	right_label_stim: text = 'Telescope'
88.1950 	EXP 	question_text: height = np.float64(0.055)
88.1950 	EXP 	question_text: height = np.float64(0.055)
88.1950 	EXP 	question_text: height = np.float64(0.055)
88.1950 	EXP 	question_text: text = 'Which is the shortest straight-line distance from the start?'
88.1950 	EXP 	question_text: autoDraw = True
88.1950 	EXP 	cue_image: autoDraw = True
88.1950 	EXP 	cue_label_stim: autoDraw = True
88.1950 	EXP 	left_image: autoDraw = True
88.1950 	EXP 	left_label_stim: autoDraw = True
88.1950 	EXP 	right_image: autoDraw = True
88.1950 	EXP 	right_label_stim: autoDraw = True
89.1683 	EXP 	Device response: <KeyPress from None: t=89.16647050000029, value=1, duration=None>
89.1689 	EXP 	New trial (rep=0, index=18): OrderedDict([('cueImage', 'stimuli/brick_bookshelf.png'), ('leftImage', 'stimuli/brick_trashcan.png'), ('rightImage', 'stimuli/brick_mailbox.png'), ('corrAns', 'left'), ('trial_type', 'route'), ('cueLabel', 'Bookshelf'), ('leftLabel', 'Trash Can'), ('rightLabel', 'Mailbox'), ('corrLabel', 'Trash Can')])
89.1691 	DEPRECATION 	Clock.add() is deprecated in favor of .addTime() due to the counterintuitive design (it added time to the baseline, which reduced the values returned from getTime() )
89.1698 	DATA 	Keypress: 1
89.1766 	EXP 	question_text: autoDraw = False
89.1766 	EXP 	cue_image: autoDraw = False
89.1766 	EXP 	cue_label_stim: autoDraw = False
89.1766 	EXP 	left_image: autoDraw = False
89.1766 	EXP 	left_label_stim: autoDraw = False
89.1766 	EXP 	right_image: autoDraw = False
89.1766 	EXP 	right_label_stim: autoDraw = False
89.1766 	EXP 	fixation: autoDraw = True
89.3604 	EXP 	Device response: <KeyPress from None: t=89.16647050000029, value=1, duration=0.19214549998287112>
90.1902 	INFO 	Keyboard events cleared
90.1901 	EXP 	fixation: autoDraw = False
90.1901 	EXP 	cue_image: image = 'stimuli/brick_bookshelf.png'
90.1901 	EXP 	left_image: image = 'stimuli/brick_trashcan.png'
90.1901 	EXP 	right_image: image = 'stimuli/brick_mailbox.png'
90.1901 	EXP 	cue_label_stim: height = np.float64(0.042)
90.1901 	EXP 	cue_label_stim: height = np.float64(0.042)
90.1901 	EXP 	cue_label_stim: height = np.float64(0.042)
90.1901 	EXP 	cue_label_stim: text = 'Bookshelf'
90.1901 	EXP 	left_label_stim: text = 'Trash Can'
90.1901 	EXP 	right_label_stim: height = np.float64(0.042)
90.1901 	EXP 	right_label_stim: height = np.float64(0.042)
90.1901 	EXP 	right_label_stim: height = np.float64(0.042)
90.1901 	EXP 	right_label_stim: text = 'Mailbox'
90.1901 	EXP 	question_text: height = np.float64(0.055)
90.1901 	EXP 	question_text: height = np.float64(0.055)
90.1901 	EXP 	question_text: height = np.float64(0.055)
90.1901 	EXP 	question_text: text = 'Which is the shortest path distance from the start?'
90.1901 	EXP 	question_text: autoDraw = True
90.1901 	EXP 	cue_image: autoDraw = True
90.1901 	EXP 	cue_label_stim: autoDraw = True
90.1901 	EXP 	left_image: autoDraw = True
90.1901 	EXP 	left_label_stim: autoDraw = True
90.1901 	EXP 	right_image: autoDraw = True
90.1901 	EXP 	right_label_stim: autoDraw = True
90.6539 	DATA 	Keypress: 1
90.6606 	EXP 	Device response: <KeyPress from None: t=90.65290869999444, value=1, duration=None>
90.6615 	EXP 	New trial (rep=0, index=19): OrderedDict([('cueImage', 'stimuli/brick_mailbox.png'), ('leftImage', 'stimuli/brick_telescope.png'), ('rightImage', 'stimuli/brick_trashcan.png'), ('corrAns', 'left'), ('trial_type', 'route'), ('cueLabel', 'Mailbox'), ('leftLabel', 'Telescope'), ('rightLabel', 'Trash Can'), ('corrLabel', 'Telescope')])
90.6618 	DEPRECATION 	Clock.add() is deprecated in favor of .addTime() due to the counterintuitive design (it added time to the baseline, which reduced the values returned from getTime() )
90.6686 	EXP 	question_text: autoDraw = False
90.6686 	EXP 	cue_image: autoDraw = False
90.6686 	EXP 	cue_label_stim: autoDraw = False
90.6686 	EXP 	left_image: autoDraw = False
90.6686 	EXP 	left_label_stim: autoDraw = False
90.6686 	EXP 	right_image: autoDraw = False
90.6686 	EXP 	right_label_stim: autoDraw = False
90.6686 	EXP 	fixation: autoDraw = True
90.8940 	EXP 	Device response: <KeyPress from None: t=90.65290869999444, value=1, duration=0.23507220001192763>
91.6788 	INFO 	Keyboard events cleared
91.6787 	EXP 	fixation: autoDraw = False
91.6787 	EXP 	cue_image: image = 'stimuli/brick_mailbox.png'
91.6787 	EXP 	left_image: image = 'stimuli/brick_telescope.png'
91.6787 	EXP 	right_image: image = 'stimuli/brick_trashcan.png'
91.6787 	EXP 	cue_label_stim: height = np.float64(0.042)
91.6787 	EXP 	cue_label_stim: height = np.float64(0.042)
91.6787 	EXP 	cue_label_stim: height = np.float64(0.042)
91.6787 	EXP 	cue_label_stim: text = 'Mailbox'
91.6787 	EXP 	left_label_stim: height = np.float64(0.042)
91.6787 	EXP 	left_label_stim: height = np.float64(0.042)
91.6787 	EXP 	left_label_stim: height = np.float64(0.042)
91.6787 	EXP 	left_label_stim: text = 'Telescope'
91.6787 	EXP 	right_label_stim: height = np.float64(0.042)
91.6787 	EXP 	right_label_stim: height = np.float64(0.042)
91.6787 	EXP 	right_label_stim: height = np.float64(0.042)
91.6787 	EXP 	right_label_stim: text = 'Trash Can'
91.6787 	EXP 	question_text: text = 'Which is the shortest path distance from the start?'
91.6787 	EXP 	question_text: autoDraw = True
91.6787 	EXP 	cue_image: autoDraw = True
91.6787 	EXP 	cue_label_stim: autoDraw = True
91.6787 	EXP 	left_image: autoDraw = True
91.6787 	EXP 	left_label_stim: autoDraw = True
91.6787 	EXP 	right_image: autoDraw = True
91.6787 	EXP 	right_label_stim: autoDraw = True
96.6945 	EXP 	Device response: <KeyPress from None: t=96.69093089998933, value=1, duration=None>
96.6954 	EXP 	New trial (rep=0, index=20): OrderedDict([('cueImage', 'stimuli/brick_well.png'), ('leftImage', 'stimuli/brick_oven.png'), ('rightImage', 'stimuli/brick_chair.png'), ('corrAns', 'right'), ('trial_type', 'line'), ('cueLabel', 'Well'), ('leftLabel', 'Oven'), ('rightLabel', 'Chair'), ('corrLabel', 'Chair')])
96.6956 	DEPRECATION 	Clock.add() is deprecated in favor of .addTime() due to the counterintuitive design (it added time to the baseline, which reduced the values returned from getTime() )
96.6960 	DATA 	Keypress: 1
96.7027 	EXP 	question_text: autoDraw = False
96.7027 	EXP 	cue_image: autoDraw = False
96.7027 	EXP 	cue_label_stim: autoDraw = False
96.7027 	EXP 	left_image: autoDraw = False
96.7027 	EXP 	left_label_stim: autoDraw = False
96.7027 	EXP 	right_image: autoDraw = False
96.7027 	EXP 	right_label_stim: autoDraw = False
96.7027 	EXP 	fixation: autoDraw = True
96.8364 	EXP 	Device response: <KeyPress from None: t=96.69093089998933, value=1, duration=0.14051240001572296>
97.7152 	INFO 	Keyboard events cleared
97.7150 	EXP 	fixation: autoDraw = False
97.7150 	EXP 	cue_image: image = 'stimuli/brick_well.png'
97.7150 	EXP 	left_image: image = 'stimuli/brick_oven.png'
97.7150 	EXP 	right_image: image = 'stimuli/brick_chair.png'
97.7150 	EXP 	cue_label_stim: height = np.float64(0.042)
97.7150 	EXP 	cue_label_stim: height = np.float64(0.042)
97.7150 	EXP 	cue_label_stim: height = np.float64(0.042)
97.7150 	EXP 	cue_label_stim: text = 'Well'
97.7150 	EXP 	left_label_stim: height = np.float64(0.042)
97.7150 	EXP 	left_label_stim: height = np.float64(0.042)
97.7150 	EXP 	left_label_stim: height = np.float64(0.042)
97.7150 	EXP 	left_label_stim: text = 'Oven'
97.7150 	EXP 	right_label_stim: height = np.float64(0.042)
97.7150 	EXP 	right_label_stim: height = np.float64(0.042)
97.7150 	EXP 	right_label_stim: height = np.float64(0.042)
97.7150 	EXP 	right_label_stim: text = 'Chair'
97.7150 	EXP 	question_text: height = np.float64(0.055)
97.7150 	EXP 	question_text: height = np.float64(0.055)
97.7150 	EXP 	question_text: height = np.float64(0.055)
97.7150 	EXP 	question_text: text = 'Which is the shortest straight-line distance from the start?'
97.7150 	EXP 	question_text: autoDraw = True
97.7150 	EXP 	cue_image: autoDraw = True
97.7150 	EXP 	cue_label_stim: autoDraw = True
97.7150 	EXP 	left_image: autoDraw = True
97.7150 	EXP 	left_label_stim: autoDraw = True
97.7150 	EXP 	right_image: autoDraw = True
97.7150 	EXP 	right_label_stim: autoDraw = True
100.3616 	EXP 	Device response: <KeyPress from None: t=100.35764939995715, value=2, duration=None>
100.3620 	EXP 	New trial (rep=0, index=21): OrderedDict([('cueImage', 'stimuli/brick_oven.png'), ('leftImage', 'stimuli/brick_plant.png'), ('rightImage', 'stimuli/brick_trashcan.png'), ('corrAns', 'left'), ('trial_type', 'line'), ('cueLabel', 'Oven'), ('leftLabel', 'Plant'), ('rightLabel', 'Trash Can'), ('corrLabel', 'Plant')])
100.3622 	DEPRECATION 	Clock.add() is deprecated in favor of .addTime() due to the counterintuitive design (it added time to the baseline, which reduced the values returned from getTime() )
100.3628 	DATA 	Keypress: 2
100.3705 	EXP 	question_text: autoDraw = False
100.3705 	EXP 	cue_image: autoDraw = False
100.3705 	EXP 	cue_label_stim: autoDraw = False
100.3705 	EXP 	left_image: autoDraw = False
100.3705 	EXP 	left_label_stim: autoDraw = False
100.3705 	EXP 	right_image: autoDraw = False
100.3705 	EXP 	right_label_stim: autoDraw = False
100.3705 	EXP 	fixation: autoDraw = True
100.5199 	EXP 	Device response: <KeyPress from None: t=100.35764939995715, value=2, duration=0.15586420003091916>
101.3816 	INFO 	Keyboard events cleared
101.3814 	EXP 	fixation: autoDraw = False
101.3814 	EXP 	cue_image: image = 'stimuli/brick_oven.png'
101.3814 	EXP 	left_image: image = 'stimuli/brick_plant.png'
101.3814 	EXP 	right_image: image = 'stimuli/brick_trashcan.png'
101.3814 	EXP 	cue_label_stim: height = np.float64(0.042)
101.3814 	EXP 	cue_label_stim: height = np.float64(0.042)
101.3814 	EXP 	cue_label_stim: height = np.float64(0.042)
101.3814 	EXP 	cue_label_stim: text = 'Oven'
101.3814 	EXP 	left_label_stim: height = np.float64(0.042)
101.3814 	EXP 	left_label_stim: height = np.float64(0.042)
101.3814 	EXP 	left_label_stim: height = np.float64(0.042)
101.3814 	EXP 	left_label_stim: text = 'Plant'
101.3814 	EXP 	right_label_stim: height = np.float64(0.042)
101.3814 	EXP 	right_label_stim: height = np.float64(0.042)
101.3814 	EXP 	right_label_stim: height = np.float64(0.042)
101.3814 	EXP 	right_label_stim: text = 'Trash Can'
101.3814 	EXP 	question_text: text = 'Which is the shortest straight-line distance from the start?'
101.3814 	EXP 	question_text: autoDraw = True
101.3814 	EXP 	cue_image: autoDraw = True
101.3814 	EXP 	cue_label_stim: autoDraw = True
101.3814 	EXP 	left_image: autoDraw = True
101.3814 	EXP 	left_label_stim: autoDraw = True
101.3814 	EXP 	right_image: autoDraw = True
101.3814 	EXP 	right_label_stim: autoDraw = True
101.9129 	EXP 	Device response: <KeyPress from None: t=101.9057319999556, value=2, duration=None>
101.9134 	EXP 	New trial (rep=0, index=22): OrderedDict([('cueImage', 'stimuli/brick_picnicTable.png'), ('leftImage', 'stimuli/brick_mailbox.png'), ('rightImage', 'stimuli/brick_wheelbarrow.png'), ('corrAns', 'right'), ('trial_type', 'route'), ('cueLabel', 'Picnic Table'), ('leftLabel', 'Mailbox'), ('rightLabel', 'Wheelbarrow'), ('corrLabel', 'Wheelbarrow')])
101.9136 	DEPRECATION 	Clock.add() is deprecated in favor of .addTime() due to the counterintuitive design (it added time to the baseline, which reduced the values returned from getTime() )
101.9140 	DATA 	Keypress: 2
101.9199 	EXP 	question_text: autoDraw = False
101.9199 	EXP 	cue_image: autoDraw = False
101.9199 	EXP 	cue_label_stim: autoDraw = False
101.9199 	EXP 	left_image: autoDraw = False
101.9199 	EXP 	left_label_stim: autoDraw = False
101.9199 	EXP 	right_image: autoDraw = False
101.9199 	EXP 	right_label_stim: autoDraw = False
101.9199 	EXP 	fixation: autoDraw = True
102.0955 	EXP 	Device response: <KeyPress from None: t=101.9057319999556, value=2, duration=0.18334370001684874>
102.8623 	EXP 	Device response: <KeyPress from None: t=102.86167049995856, value=1, duration=None>
102.8629 	DATA 	Keypress: 1
102.9323 	INFO 	Keyboard events cleared
102.9322 	EXP 	fixation: autoDraw = False
102.9322 	EXP 	cue_image: image = 'stimuli/brick_picnicTable.png'
102.9322 	EXP 	left_image: image = 'stimuli/brick_mailbox.png'
102.9322 	EXP 	right_image: image = 'stimuli/brick_wheelbarrow.png'
102.9322 	EXP 	cue_label_stim: height = np.float64(0.042)
102.9322 	EXP 	cue_label_stim: height = np.float64(0.042)
102.9322 	EXP 	cue_label_stim: height = np.float64(0.042)
102.9322 	EXP 	cue_label_stim: text = 'Picnic Table'
102.9322 	EXP 	left_label_stim: height = np.float64(0.042)
102.9322 	EXP 	left_label_stim: height = np.float64(0.042)
102.9322 	EXP 	left_label_stim: height = np.float64(0.042)
102.9322 	EXP 	left_label_stim: text = 'Mailbox'
102.9322 	EXP 	right_label_stim: height = np.float64(0.042)
102.9322 	EXP 	right_label_stim: height = np.float64(0.042)
102.9322 	EXP 	right_label_stim: height = np.float64(0.042)
102.9322 	EXP 	right_label_stim: text = 'Wheelbarrow'
102.9322 	EXP 	question_text: height = np.float64(0.055)
102.9322 	EXP 	question_text: height = np.float64(0.055)
102.9322 	EXP 	question_text: height = np.float64(0.055)
102.9322 	EXP 	question_text: text = 'Which is the shortest path distance from the start?'
102.9322 	EXP 	question_text: autoDraw = True
102.9322 	EXP 	cue_image: autoDraw = True
102.9322 	EXP 	cue_label_stim: autoDraw = True
102.9322 	EXP 	left_image: autoDraw = True
102.9322 	EXP 	left_label_stim: autoDraw = True
102.9322 	EXP 	right_image: autoDraw = True
102.9322 	EXP 	right_label_stim: autoDraw = True
102.9704 	EXP 	Device response: <KeyPress from None: t=102.86167049995856, value=1, duration=0.1058381000184454>
103.3536 	EXP 	Device response: <KeyPress from None: t=103.34891439997591, value=1, duration=None>
103.3543 	EXP 	New trial (rep=0, index=23): OrderedDict([('cueImage', 'stimuli/brick_oven.png'), ('leftImage', 'stimuli/brick_chair.png'), ('rightImage', 'stimuli/brick_picnicTable.png'), ('corrAns', 'right'), ('trial_type', 'route'), ('cueLabel', 'Oven'), ('leftLabel', 'Chair'), ('rightLabel', 'Picnic Table'), ('corrLabel', 'Picnic Table')])
103.3545 	DEPRECATION 	Clock.add() is deprecated in favor of .addTime() due to the counterintuitive design (it added time to the baseline, which reduced the values returned from getTime() )
103.3553 	DATA 	Keypress: 1
103.3618 	EXP 	question_text: autoDraw = False
103.3618 	EXP 	cue_image: autoDraw = False
103.3618 	EXP 	cue_label_stim: autoDraw = False
103.3618 	EXP 	left_image: autoDraw = False
103.3618 	EXP 	left_label_stim: autoDraw = False
103.3618 	EXP 	right_image: autoDraw = False
103.3618 	EXP 	right_label_stim: autoDraw = False
103.3618 	EXP 	fixation: autoDraw = True
103.4452 	EXP 	Device response: <KeyPress from None: t=103.34891439997591, value=1, duration=0.09582570003112778>
104.3729 	INFO 	Keyboard events cleared
104.3729 	EXP 	fixation: autoDraw = False
104.3729 	EXP 	cue_image: image = 'stimuli/brick_oven.png'
104.3729 	EXP 	left_image: image = 'stimuli/brick_chair.png'
104.3729 	EXP 	right_image: image = 'stimuli/brick_picnicTable.png'
104.3729 	EXP 	cue_label_stim: height = np.float64(0.042)
104.3729 	EXP 	cue_label_stim: height = np.float64(0.042)
104.3729 	EXP 	cue_label_stim: height = np.float64(0.042)
104.3729 	EXP 	cue_label_stim: text = 'Oven'
104.3729 	EXP 	left_label_stim: height = np.float64(0.042)
104.3729 	EXP 	left_label_stim: height = np.float64(0.042)
104.3729 	EXP 	left_label_stim: height = np.float64(0.042)
104.3729 	EXP 	left_label_stim: text = 'Chair'
104.3729 	EXP 	right_label_stim: height = np.float64(0.042)
104.3729 	EXP 	right_label_stim: height = np.float64(0.042)
104.3729 	EXP 	right_label_stim: height = np.float64(0.042)
104.3729 	EXP 	right_label_stim: text = 'Picnic Table'
104.3729 	EXP 	question_text: text = 'Which is the shortest path distance from the start?'
104.3729 	EXP 	question_text: autoDraw = True
104.3729 	EXP 	cue_image: autoDraw = True
104.3729 	EXP 	cue_label_stim: autoDraw = True
104.3729 	EXP 	left_image: autoDraw = True
104.3729 	EXP 	left_label_stim: autoDraw = True
104.3729 	EXP 	right_image: autoDraw = True
104.3729 	EXP 	right_label_stim: autoDraw = True
105.3875 	EXP 	Device response: <KeyPress from None: t=105.38308719999623, value=2, duration=None>
105.4076 	DATA 	Keypress: 2
105.4166 	INFO 	Keyboard events cleared
105.4165 	EXP 	question_text: autoDraw = False
105.4165 	EXP 	cue_image: autoDraw = False
105.4165 	EXP 	cue_label_stim: autoDraw = False
105.4165 	EXP 	left_image: autoDraw = False
105.4165 	EXP 	left_label_stim: autoDraw = False
105.4165 	EXP 	right_image: autoDraw = False
105.4165 	EXP 	right_label_stim: autoDraw = False
105.4165 	EXP 	env_label: height = np.float64(0.048)
105.4165 	EXP 	env_label: height = np.float64(0.048)
105.4165 	EXP 	env_label: height = np.float64(0.048)
105.4165 	EXP 	env_label: text = 'Environment: hedge maze'
105.4165 	EXP 	env_maze_image: image = 'stimuli/hedge_maze.png'
105.4165 	EXP 	env_label: autoDraw = True
105.4165 	EXP 	env_maze_image: autoDraw = True
105.4165 	EXP 	env_advance: autoDraw = True
105.5459 	EXP 	Device response: <KeyPress from None: t=105.38308719999623, value=2, duration=0.15745669999159873>
106.9043 	EXP 	Device response: <KeyPress from None: t=106.89684770000167, value=1, duration=None>
106.9074 	DEBUG 	Read csv file with pandas: nav_task_practice_hedge.csv
106.9079 	DEBUG 	Clearing unnamed columns from nav_task_practice_hedge.csv
106.9084 	EXP 	Imported nav_task_practice_hedge.csv as conditions, 2 conditions, 9 params
106.9085 	EXP 	Created sequence: sequential, trialTypes=2, nReps=1, seed=None
106.9086 	EXP 	New trial (rep=0, index=0): OrderedDict([('cueImage', 'stimuli/maze_compass.png'), ('leftImage', 'stimuli/maze_lampPost.png'), ('rightImage', 'stimuli/maze_snowman.png'), ('corrAns', 'right'), ('trial_type', 'route'), ('cueLabel', 'Compass'), ('leftLabel', 'Lamp Post'), ('rightLabel', 'Snowman'), ('corrLabel', 'Snowman')])
106.9089 	DEPRECATION 	Clock.add() is deprecated in favor of .addTime() due to the counterintuitive design (it added time to the baseline, which reduced the values returned from getTime() )
106.9093 	DATA 	Keypress: 1
106.9119 	EXP 	env_label: autoDraw = False
106.9119 	EXP 	env_maze_image: autoDraw = False
106.9119 	EXP 	env_advance: autoDraw = False
106.9119 	EXP 	fixation: autoDraw = True
107.0956 	EXP 	Device response: <KeyPress from None: t=106.89684770000167, value=1, duration=0.19364909996511415>
107.9409 	INFO 	Keyboard events cleared
107.9408 	EXP 	fixation: autoDraw = False
107.9408 	EXP 	cue_image: image = 'stimuli/maze_compass.png'
107.9408 	EXP 	left_image: image = 'stimuli/maze_lampPost.png'
107.9408 	EXP 	right_image: image = 'stimuli/maze_snowman.png'
107.9408 	EXP 	cue_label_stim: height = np.float64(0.042)
107.9408 	EXP 	cue_label_stim: height = np.float64(0.042)
107.9408 	EXP 	cue_label_stim: height = np.float64(0.042)
107.9408 	EXP 	cue_label_stim: text = 'Compass'
107.9408 	EXP 	left_label_stim: height = np.float64(0.042)
107.9408 	EXP 	left_label_stim: height = np.float64(0.042)
107.9408 	EXP 	left_label_stim: height = np.float64(0.042)
107.9408 	EXP 	left_label_stim: text = 'Lamp Post'
107.9408 	EXP 	right_label_stim: height = np.float64(0.042)
107.9408 	EXP 	right_label_stim: height = np.float64(0.042)
107.9408 	EXP 	right_label_stim: height = np.float64(0.042)
107.9408 	EXP 	right_label_stim: text = 'Snowman'
107.9408 	EXP 	question_text: text = 'Which is the shortest path distance from the start?'
107.9408 	EXP 	question_text: autoDraw = True
107.9408 	EXP 	cue_image: autoDraw = True
107.9408 	EXP 	cue_label_stim: autoDraw = True
107.9408 	EXP 	left_image: autoDraw = True
107.9408 	EXP 	left_label_stim: autoDraw = True
107.9408 	EXP 	right_image: autoDraw = True
107.9408 	EXP 	right_label_stim: autoDraw = True
108.4378 	EXP 	Device response: <KeyPress from None: t=108.43048139999155, value=1, duration=None>
108.4401 	DEPRECATION 	Clock.add() is deprecated in favor of .addTime() due to the counterintuitive design (it added time to the baseline, which reduced the values returned from getTime() )
108.4412 	DATA 	Keypress: 1
108.4454 	EXP 	question_text: autoDraw = False
108.4454 	EXP 	cue_image: autoDraw = False
108.4454 	EXP 	cue_label_stim: autoDraw = False
108.4454 	EXP 	left_image: autoDraw = False
108.4454 	EXP 	left_label_stim: autoDraw = False
108.4454 	EXP 	right_image: autoDraw = False
108.4454 	EXP 	right_label_stim: autoDraw = False
108.4454 	EXP 	fb_text_right: height = np.float64(0.046)
108.4454 	EXP 	fb_text_right: height = np.float64(0.046)
108.4454 	EXP 	fb_text_right: height = np.float64(0.046)
108.4454 	EXP 	fb_text_right: text = 'Correct answer:\nSnowman'
108.4454 	EXP 	question_text: autoDraw = True
108.4454 	EXP 	cue_image: autoDraw = True
108.4454 	EXP 	cue_label_stim: autoDraw = True
108.4454 	EXP 	left_image: autoDraw = True
108.4454 	EXP 	left_label_stim: autoDraw = True
108.4454 	EXP 	right_image: autoDraw = True
108.4454 	EXP 	right_label_stim: autoDraw = True
108.4454 	EXP 	fb_text_right: autoDraw = True
108.4454 	EXP 	fb_line_right: autoDraw = True
108.4454 	EXP 	fb_head_right: autoDraw = True
108.5875 	EXP 	Device response: <KeyPress from None: t=108.43048139999155, value=1, duration=0.15048080001724884>
110.4481 	EXP 	New trial (rep=0, index=1): OrderedDict([('cueImage', 'stimuli/maze_compass.png'), ('leftImage', 'stimuli/maze_lampPost.png'), ('rightImage', 'stimuli/maze_snowman.png'), ('corrAns', 'left'), ('trial_type', 'line'), ('cueLabel', 'Compass'), ('leftLabel', 'Lamp Post'), ('rightLabel', 'Snowman'), ('corrLabel', 'Lamp Post')])
110.4483 	DEPRECATION 	Clock.add() is deprecated in favor of .addTime() due to the counterintuitive design (it added time to the baseline, which reduced the values returned from getTime() )
110.4543 	EXP 	question_text: autoDraw = False
110.4543 	EXP 	cue_image: autoDraw = False
110.4543 	EXP 	cue_label_stim: autoDraw = False
110.4543 	EXP 	left_image: autoDraw = False
110.4543 	EXP 	left_label_stim: autoDraw = False
110.4543 	EXP 	right_image: autoDraw = False
110.4543 	EXP 	right_label_stim: autoDraw = False
110.4543 	EXP 	fb_text_right: autoDraw = False
110.4543 	EXP 	fb_line_right: autoDraw = False
110.4543 	EXP 	fb_head_right: autoDraw = False
110.4543 	EXP 	fixation: autoDraw = True
111.4761 	INFO 	Keyboard events cleared
111.4760 	EXP 	fixation: autoDraw = False
111.4760 	EXP 	cue_image: image = 'stimuli/maze_compass.png'
111.4760 	EXP 	left_image: image = 'stimuli/maze_lampPost.png'
111.4760 	EXP 	right_image: image = 'stimuli/maze_snowman.png'
111.4760 	EXP 	cue_label_stim: text = 'Compass'
111.4760 	EXP 	left_label_stim: text = 'Lamp Post'
111.4760 	EXP 	right_label_stim: text = 'Snowman'
111.4760 	EXP 	question_text: height = np.float64(0.055)
111.4760 	EXP 	question_text: height = np.float64(0.055)
111.4760 	EXP 	question_text: height = np.float64(0.055)
111.4760 	EXP 	question_text: text = 'Which is the shortest straight-line distance from the start?'
111.4760 	EXP 	question_text: autoDraw = True
111.4760 	EXP 	cue_image: autoDraw = True
111.4760 	EXP 	cue_label_stim: autoDraw = True
111.4760 	EXP 	left_image: autoDraw = True
111.4760 	EXP 	left_label_stim: autoDraw = True
111.4760 	EXP 	right_image: autoDraw = True
111.4760 	EXP 	right_label_stim: autoDraw = True
112.2810 	EXP 	Device response: <KeyPress from None: t=112.27550119999796, value=1, duration=None>
112.2865 	DEPRECATION 	Clock.add() is deprecated in favor of .addTime() due to the counterintuitive design (it added time to the baseline, which reduced the values returned from getTime() )
112.2874 	DATA 	Keypress: 1
112.2907 	EXP 	question_text: autoDraw = False
112.2907 	EXP 	cue_image: autoDraw = False
112.2907 	EXP 	cue_label_stim: autoDraw = False
112.2907 	EXP 	left_image: autoDraw = False
112.2907 	EXP 	left_label_stim: autoDraw = False
112.2907 	EXP 	right_image: autoDraw = False
112.2907 	EXP 	right_label_stim: autoDraw = False
112.2907 	EXP 	fb_text_left: height = np.float64(0.046)
112.2907 	EXP 	fb_text_left: height = np.float64(0.046)
112.2907 	EXP 	fb_text_left: height = np.float64(0.046)
112.2907 	EXP 	fb_text_left: text = 'Correct answer:\nLamp Post'
112.2907 	EXP 	question_text: autoDraw = True
112.2907 	EXP 	cue_image: autoDraw = True
112.2907 	EXP 	cue_label_stim: autoDraw = True
112.2907 	EXP 	left_image: autoDraw = True
112.2907 	EXP 	left_label_stim: autoDraw = True
112.2907 	EXP 	right_image: autoDraw = True
112.2907 	EXP 	right_label_stim: autoDraw = True
112.2907 	EXP 	fb_text_left: autoDraw = True
112.2907 	EXP 	fb_line_left: autoDraw = True
112.2907 	EXP 	fb_head_left: autoDraw = True
112.4466 	EXP 	Device response: <KeyPress from None: t=112.27550119999796, value=1, duration=0.1623293999582529>
114.2891 	INFO 	Keyboard events cleared
114.2919 	DEBUG 	Read csv file with pandas: nav_task_conditions.csv
114.2924 	DEBUG 	Clearing unnamed columns from nav_task_conditions.csv
114.2931 	EXP 	Imported nav_task_conditions.csv as conditions, 16 conditions, 9 params
114.2933 	EXP 	Created sequence: random, trialTypes=16, nReps=1, seed=None
114.2935 	EXP 	New trial (rep=0, index=0): OrderedDict([('cueImage', 'stimuli/maze_compass.png'), ('leftImage', 'stimuli/maze_umbrella.png'), ('rightImage', 'stimuli/maze_lampPost.png'), ('corrAns', 'left'), ('trial_type', 'line'), ('cueLabel', 'Compass'), ('leftLabel', 'Umbrella'), ('rightLabel', 'Lamp Post'), ('corrLabel', 'Umbrella')])
114.2937 	DEPRECATION 	Clock.add() is deprecated in favor of .addTime() due to the counterintuitive design (it added time to the baseline, which reduced the values returned from getTime() )
114.2960 	EXP 	question_text: autoDraw = False
114.2960 	EXP 	cue_image: autoDraw = False
114.2960 	EXP 	cue_label_stim: autoDraw = False
114.2960 	EXP 	left_image: autoDraw = False
114.2960 	EXP 	left_label_stim: autoDraw = False
114.2960 	EXP 	right_image: autoDraw = False
114.2960 	EXP 	right_label_stim: autoDraw = False
114.2960 	EXP 	fb_text_left: autoDraw = False
114.2960 	EXP 	fb_line_left: autoDraw = False
114.2960 	EXP 	fb_head_left: autoDraw = False
114.2960 	EXP 	fixation: autoDraw = True
114.6135 	EXP 	Device response: <KeyPress from None: t=114.60954839998158, value=2, duration=None>
114.6140 	DATA 	Keypress: 2
114.8053 	EXP 	Device response: <KeyPress from None: t=114.60954839998158, value=2, duration=0.18696690001524985>
115.3174 	INFO 	Keyboard events cleared
115.3174 	EXP 	fixation: autoDraw = False
115.3174 	EXP 	cue_image: image = 'stimuli/maze_compass.png'
115.3174 	EXP 	left_image: image = 'stimuli/maze_umbrella.png'
115.3174 	EXP 	right_image: image = 'stimuli/maze_lampPost.png'
115.3174 	EXP 	cue_label_stim: text = 'Compass'
115.3174 	EXP 	left_label_stim: height = np.float64(0.042)
115.3174 	EXP 	left_label_stim: height = np.float64(0.042)
115.3174 	EXP 	left_label_stim: height = np.float64(0.042)
115.3174 	EXP 	left_label_stim: text = 'Umbrella'
115.3174 	EXP 	right_label_stim: height = np.float64(0.042)
115.3174 	EXP 	right_label_stim: height = np.float64(0.042)
115.3174 	EXP 	right_label_stim: height = np.float64(0.042)
115.3174 	EXP 	right_label_stim: text = 'Lamp Post'
115.3174 	EXP 	question_text: text = 'Which is the shortest straight-line distance from the start?'
115.3174 	EXP 	question_text: autoDraw = True
115.3174 	EXP 	cue_image: autoDraw = True
115.3174 	EXP 	cue_label_stim: autoDraw = True
115.3174 	EXP 	left_image: autoDraw = True
115.3174 	EXP 	left_label_stim: autoDraw = True
115.3174 	EXP 	right_image: autoDraw = True
115.3174 	EXP 	right_label_stim: autoDraw = True
115.6974 	EXP 	Device response: <KeyPress from None: t=115.693575399986, value=2, duration=None>
115.6985 	EXP 	New trial (rep=0, index=1): OrderedDict([('cueImage', 'stimuli/maze_chair.png'), ('leftImage', 'stimuli/maze_guitar.png'), ('rightImage', 'stimuli/maze_shuttle.png'), ('corrAns', 'right'), ('trial_type', 'route'), ('cueLabel', 'Chair'), ('leftLabel', 'Guitar'), ('rightLabel', 'Space Shuttle'), ('corrLabel', 'Space Shuttle')])
115.6987 	DEPRECATION 	Clock.add() is deprecated in favor of .addTime() due to the counterintuitive design (it added time to the baseline, which reduced the values returned from getTime() )
115.6993 	DATA 	Keypress: 2
115.7048 	EXP 	question_text: autoDraw = False
115.7048 	EXP 	cue_image: autoDraw = False
115.7048 	EXP 	cue_label_stim: autoDraw = False
115.7048 	EXP 	left_image: autoDraw = False
115.7048 	EXP 	left_label_stim: autoDraw = False
115.7048 	EXP 	right_image: autoDraw = False
115.7048 	EXP 	right_label_stim: autoDraw = False
115.7048 	EXP 	fixation: autoDraw = True
115.8639 	EXP 	Device response: <KeyPress from None: t=115.693575399986, value=2, duration=0.16712150000967085>
116.7284 	INFO 	Keyboard events cleared
116.7284 	EXP 	fixation: autoDraw = False
116.7284 	EXP 	cue_image: image = 'stimuli/maze_chair.png'
116.7284 	EXP 	left_image: image = 'stimuli/maze_guitar.png'
116.7284 	EXP 	right_image: image = 'stimuli/maze_shuttle.png'
116.7284 	EXP 	cue_label_stim: height = np.float64(0.042)
116.7284 	EXP 	cue_label_stim: height = np.float64(0.042)
116.7284 	EXP 	cue_label_stim: height = np.float64(0.042)
116.7284 	EXP 	cue_label_stim: text = 'Chair'
116.7284 	EXP 	left_label_stim: height = np.float64(0.042)
116.7284 	EXP 	left_label_stim: height = np.float64(0.042)
116.7284 	EXP 	left_label_stim: height = np.float64(0.042)
116.7284 	EXP 	left_label_stim: text = 'Guitar'
116.7284 	EXP 	right_label_stim: height = np.float64(0.042)
116.7284 	EXP 	right_label_stim: height = np.float64(0.042)
116.7284 	EXP 	right_label_stim: height = np.float64(0.042)
116.7284 	EXP 	right_label_stim: text = 'Space Shuttle'
116.7284 	EXP 	question_text: height = np.float64(0.055)
116.7284 	EXP 	question_text: height = np.float64(0.055)
116.7284 	EXP 	question_text: height = np.float64(0.055)
116.7284 	EXP 	question_text: text = 'Which is the shortest path distance from the start?'
116.7284 	EXP 	question_text: autoDraw = True
116.7284 	EXP 	cue_image: autoDraw = True
116.7284 	EXP 	cue_label_stim: autoDraw = True
116.7284 	EXP 	left_image: autoDraw = True
116.7284 	EXP 	left_label_stim: autoDraw = True
116.7284 	EXP 	right_image: autoDraw = True
116.7284 	EXP 	right_label_stim: autoDraw = True
117.0742 	DATA 	Keypress: 1
117.0808 	EXP 	Device response: <KeyPress from None: t=117.07322229997953, value=1, duration=None>
117.0814 	EXP 	New trial (rep=0, index=2): OrderedDict([('cueImage', 'stimuli/maze_shuttle.png'), ('leftImage', 'stimuli/maze_lampPost.png'), ('rightImage', 'stimuli/maze_clock.png'), ('corrAns', 'left'), ('trial_type', 'route'), ('cueLabel', 'Space Shuttle'), ('leftLabel', 'Lamp Post'), ('rightLabel', 'Clock'), ('corrLabel', 'Lamp Post')])
117.0816 	DEPRECATION 	Clock.add() is deprecated in favor of .addTime() due to the counterintuitive design (it added time to the baseline, which reduced the values returned from getTime() )
117.0883 	EXP 	question_text: autoDraw = False
117.0883 	EXP 	cue_image: autoDraw = False
117.0883 	EXP 	cue_label_stim: autoDraw = False
117.0883 	EXP 	left_image: autoDraw = False
117.0883 	EXP 	left_label_stim: autoDraw = False
117.0883 	EXP 	right_image: autoDraw = False
117.0883 	EXP 	right_label_stim: autoDraw = False
117.0883 	EXP 	fixation: autoDraw = True
117.2308 	EXP 	Device response: <KeyPress from None: t=117.07322229997953, value=1, duration=0.15053699997952208>
118.1089 	INFO 	Keyboard events cleared
118.1088 	EXP 	fixation: autoDraw = False
118.1088 	EXP 	cue_image: image = 'stimuli/maze_shuttle.png'
118.1088 	EXP 	left_image: image = 'stimuli/maze_lampPost.png'
118.1088 	EXP 	right_image: image = 'stimuli/maze_clock.png'
118.1088 	EXP 	cue_label_stim: height = np.float64(0.042)
118.1088 	EXP 	cue_label_stim: height = np.float64(0.042)
118.1088 	EXP 	cue_label_stim: height = np.float64(0.042)
118.1088 	EXP 	cue_label_stim: text = 'Space Shuttle'
118.1088 	EXP 	left_label_stim: height = np.float64(0.042)
118.1088 	EXP 	left_label_stim: height = np.float64(0.042)
118.1088 	EXP 	left_label_stim: height = np.float64(0.042)
118.1088 	EXP 	left_label_stim: text = 'Lamp Post'
118.1088 	EXP 	right_label_stim: height = np.float64(0.042)
118.1088 	EXP 	right_label_stim: height = np.float64(0.042)
118.1088 	EXP 	right_label_stim: height = np.float64(0.042)
118.1088 	EXP 	right_label_stim: text = 'Clock'
118.1088 	EXP 	question_text: text = 'Which is the shortest path distance from the start?'
118.1088 	EXP 	question_text: autoDraw = True
118.1088 	EXP 	cue_image: autoDraw = True
118.1088 	EXP 	cue_label_stim: autoDraw = True
118.1088 	EXP 	left_image: autoDraw = True
118.1088 	EXP 	left_label_stim: autoDraw = True
118.1088 	EXP 	right_image: autoDraw = True
118.1088 	EXP 	right_label_stim: autoDraw = True
119.1977 	DATA 	Keypress: 2
119.2061 	EXP 	Device response: <KeyPress from None: t=119.19669819995761, value=2, duration=None>
119.2066 	EXP 	New trial (rep=0, index=3): OrderedDict([('cueImage', 'stimuli/maze_umbrella.png'), ('leftImage', 'stimuli/maze_shuttle.png'), ('rightImage', 'stimuli/maze_snowman.png'), ('corrAns', 'left'), ('trial_type', 'line'), ('cueLabel', 'Umbrella'), ('leftLabel', 'Space Shuttle'), ('rightLabel', 'Snowman'), ('corrLabel', 'Space Shuttle')])
119.2068 	DEPRECATION 	Clock.add() is deprecated in favor of .addTime() due to the counterintuitive design (it added time to the baseline, which reduced the values returned from getTime() )
119.2139 	EXP 	question_text: autoDraw = False
119.2139 	EXP 	cue_image: autoDraw = False
119.2139 	EXP 	cue_label_stim: autoDraw = False
119.2139 	EXP 	left_image: autoDraw = False
119.2139 	EXP 	left_label_stim: autoDraw = False
119.2139 	EXP 	right_image: autoDraw = False
119.2139 	EXP 	right_label_stim: autoDraw = False
119.2139 	EXP 	fixation: autoDraw = True
119.3888 	EXP 	Device response: <KeyPress from None: t=119.19669819995761, value=2, duration=0.18886910000583157>
120.2349 	INFO 	Keyboard events cleared
120.2348 	EXP 	fixation: autoDraw = False
120.2348 	EXP 	cue_image: image = 'stimuli/maze_umbrella.png'
120.2348 	EXP 	left_image: image = 'stimuli/maze_shuttle.png'
120.2348 	EXP 	right_image: image = 'stimuli/maze_snowman.png'
120.2348 	EXP 	cue_label_stim: height = np.float64(0.042)
120.2348 	EXP 	cue_label_stim: height = np.float64(0.042)
120.2348 	EXP 	cue_label_stim: height = np.float64(0.042)
120.2348 	EXP 	cue_label_stim: text = 'Umbrella'
120.2348 	EXP 	left_label_stim: height = np.float64(0.042)
120.2348 	EXP 	left_label_stim: height = np.float64(0.042)
120.2348 	EXP 	left_label_stim: height = np.float64(0.042)
120.2348 	EXP 	left_label_stim: text = 'Space Shuttle'
120.2348 	EXP 	right_label_stim: height = np.float64(0.042)
120.2348 	EXP 	right_label_stim: height = np.float64(0.042)
120.2348 	EXP 	right_label_stim: height = np.float64(0.042)
120.2348 	EXP 	right_label_stim: text = 'Snowman'
120.2348 	EXP 	question_text: height = np.float64(0.055)
120.2348 	EXP 	question_text: height = np.float64(0.055)
120.2348 	EXP 	question_text: height = np.float64(0.055)
120.2348 	EXP 	question_text: text = 'Which is the shortest straight-line distance from the start?'
120.2348 	EXP 	question_text: autoDraw = True
120.2348 	EXP 	cue_image: autoDraw = True
120.2348 	EXP 	cue_label_stim: autoDraw = True
120.2348 	EXP 	left_image: autoDraw = True
120.2348 	EXP 	left_label_stim: autoDraw = True
120.2348 	EXP 	right_image: autoDraw = True
120.2348 	EXP 	right_label_stim: autoDraw = True
120.4976 	EXP 	Device response: <KeyPress from None: t=120.490787799994, value=1, duration=None>
120.4985 	EXP 	New trial (rep=0, index=4): OrderedDict([('cueImage', 'stimuli/maze_guitar.png'), ('leftImage', 'stimuli/maze_umbrella.png'), ('rightImage', 'stimuli/maze_clock.png'), ('corrAns', 'left'), ('trial_type', 'line'), ('cueLabel', 'Guitar'), ('leftLabel', 'Umbrella'), ('rightLabel', 'Clock'), ('corrLabel', 'Umbrella')])
120.4987 	DEPRECATION 	Clock.add() is deprecated in favor of .addTime() due to the counterintuitive design (it added time to the baseline, which reduced the values returned from getTime() )
120.4991 	DATA 	Keypress: 1
120.5055 	EXP 	question_text: autoDraw = False
120.5055 	EXP 	cue_image: autoDraw = False
120.5055 	EXP 	cue_label_stim: autoDraw = False
120.5055 	EXP 	left_image: autoDraw = False
120.5055 	EXP 	left_label_stim: autoDraw = False
120.5055 	EXP 	right_image: autoDraw = False
120.5055 	EXP 	right_label_stim: autoDraw = False
120.5055 	EXP 	fixation: autoDraw = True
120.6474 	EXP 	Device response: <KeyPress from None: t=120.490787799994, value=1, duration=0.1561249999795109>
121.5284 	INFO 	Keyboard events cleared
121.5283 	EXP 	fixation: autoDraw = False
121.5283 	EXP 	cue_image: image = 'stimuli/maze_guitar.png'
121.5283 	EXP 	left_image: image = 'stimuli/maze_umbrella.png'
121.5283 	EXP 	right_image: image = 'stimuli/maze_clock.png'
121.5283 	EXP 	cue_label_stim: height = np.float64(0.042)
121.5283 	EXP 	cue_label_stim: height = np.float64(0.042)
121.5283 	EXP 	cue_label_stim: height = np.float64(0.042)
121.5283 	EXP 	cue_label_stim: text = 'Guitar'
121.5283 	EXP 	left_label_stim: height = np.float64(0.042)
121.5283 	EXP 	left_label_stim: height = np.float64(0.042)
121.5283 	EXP 	left_label_stim: height = np.float64(0.042)
121.5283 	EXP 	left_label_stim: text = 'Umbrella'
121.5283 	EXP 	right_label_stim: height = np.float64(0.042)
121.5283 	EXP 	right_label_stim: height = np.float64(0.042)
121.5283 	EXP 	right_label_stim: height = np.float64(0.042)
121.5283 	EXP 	right_label_stim: text = 'Clock'
121.5283 	EXP 	question_text: text = 'Which is the shortest straight-line distance from the start?'
121.5283 	EXP 	question_text: autoDraw = True
121.5283 	EXP 	cue_image: autoDraw = True
121.5283 	EXP 	cue_label_stim: autoDraw = True
121.5283 	EXP 	left_image: autoDraw = True
121.5283 	EXP 	left_label_stim: autoDraw = True
121.5283 	EXP 	right_image: autoDraw = True
121.5283 	EXP 	right_label_stim: autoDraw = True
121.6240 	EXP 	Device response: <KeyPress from None: t=121.61657099996228, value=2, duration=None>
121.6245 	EXP 	New trial (rep=0, index=5): OrderedDict([('cueImage', 'stimuli/maze_compass.png'), ('leftImage', 'stimuli/maze_snowman.png'), ('rightImage', 'stimuli/maze_chair.png'), ('corrAns', 'left'), ('trial_type', 'route'), ('cueLabel', 'Compass'), ('leftLabel', 'Snowman'), ('rightLabel', 'Chair'), ('corrLabel', 'Snowman')])
121.6247 	DEPRECATION 	Clock.add() is deprecated in favor of .addTime() due to the counterintuitive design (it added time to the baseline, which reduced the values returned from getTime() )
121.6253 	DATA 	Keypress: 2
121.6308 	EXP 	question_text: autoDraw = False
121.6308 	EXP 	cue_image: autoDraw = False
121.6308 	EXP 	cue_label_stim: autoDraw = False
121.6308 	EXP 	left_image: autoDraw = False
121.6308 	EXP 	left_label_stim: autoDraw = False
121.6308 	EXP 	right_image: autoDraw = False
121.6308 	EXP 	right_label_stim: autoDraw = False
121.6308 	EXP 	fixation: autoDraw = True
121.7896 	EXP 	Device response: <KeyPress from None: t=121.61657099996228, value=2, duration=0.17118900001514703>
122.6525 	INFO 	Keyboard events cleared
122.6524 	EXP 	fixation: autoDraw = False
122.6524 	EXP 	cue_image: image = 'stimuli/maze_compass.png'
122.6524 	EXP 	left_image: image = 'stimuli/maze_snowman.png'
122.6524 	EXP 	right_image: image = 'stimuli/maze_chair.png'
122.6524 	EXP 	cue_label_stim: height = np.float64(0.042)
122.6524 	EXP 	cue_label_stim: height = np.float64(0.042)
122.6524 	EXP 	cue_label_stim: height = np.float64(0.042)
122.6524 	EXP 	cue_label_stim: text = 'Compass'
122.6524 	EXP 	left_label_stim: height = np.float64(0.042)
122.6524 	EXP 	left_label_stim: height = np.float64(0.042)
122.6524 	EXP 	left_label_stim: height = np.float64(0.042)
122.6524 	EXP 	left_label_stim: text = 'Snowman'
122.6524 	EXP 	right_label_stim: height = np.float64(0.042)
122.6524 	EXP 	right_label_stim: height = np.float64(0.042)
122.6524 	EXP 	right_label_stim: height = np.float64(0.042)
122.6524 	EXP 	right_label_stim: text = 'Chair'
122.6524 	EXP 	question_text: height = np.float64(0.055)
122.6524 	EXP 	question_text: height = np.float64(0.055)
122.6524 	EXP 	question_text: height = np.float64(0.055)
122.6524 	EXP 	question_text: text = 'Which is the shortest path distance from the start?'
122.6524 	EXP 	question_text: autoDraw = True
122.6524 	EXP 	cue_image: autoDraw = True
122.6524 	EXP 	cue_label_stim: autoDraw = True
122.6524 	EXP 	left_image: autoDraw = True
122.6524 	EXP 	left_label_stim: autoDraw = True
122.6524 	EXP 	right_image: autoDraw = True
122.6524 	EXP 	right_label_stim: autoDraw = True
122.8492 	DATA 	Keypress: 1
122.8563 	EXP 	Device response: <KeyPress from None: t=122.84840769995935, value=1, duration=None>
122.8578 	EXP 	New trial (rep=0, index=6): OrderedDict([('cueImage', 'stimuli/maze_umbrella.png'), ('leftImage', 'stimuli/maze_guitar.png'), ('rightImage', 'stimuli/maze_clock.png'), ('corrAns', 'left'), ('trial_type', 'route'), ('cueLabel', 'Umbrella'), ('leftLabel', 'Guitar'), ('rightLabel', 'Clock'), ('corrLabel', 'Guitar')])
122.8581 	DEPRECATION 	Clock.add() is deprecated in favor of .addTime() due to the counterintuitive design (it added time to the baseline, which reduced the values returned from getTime() )
122.8641 	EXP 	question_text: autoDraw = False
122.8641 	EXP 	cue_image: autoDraw = False
122.8641 	EXP 	cue_label_stim: autoDraw = False
122.8641 	EXP 	left_image: autoDraw = False
122.8641 	EXP 	left_label_stim: autoDraw = False
122.8641 	EXP 	right_image: autoDraw = False
122.8641 	EXP 	right_label_stim: autoDraw = False
122.8641 	EXP 	fixation: autoDraw = True
123.0313 	EXP 	Device response: <KeyPress from None: t=122.84840769995935, value=1, duration=0.1771133000147529>
123.8832 	INFO 	Keyboard events cleared
123.8831 	EXP 	fixation: autoDraw = False
123.8831 	EXP 	cue_image: image = 'stimuli/maze_umbrella.png'
123.8831 	EXP 	left_image: image = 'stimuli/maze_guitar.png'
123.8831 	EXP 	right_image: image = 'stimuli/maze_clock.png'
123.8831 	EXP 	cue_label_stim: height = np.float64(0.042)
123.8831 	EXP 	cue_label_stim: height = np.float64(0.042)
123.8831 	EXP 	cue_label_stim: height = np.float64(0.042)
123.8831 	EXP 	cue_label_stim: text = 'Umbrella'
123.8831 	EXP 	left_label_stim: height = np.float64(0.042)
123.8831 	EXP 	left_label_stim: height = np.float64(0.042)
123.8831 	EXP 	left_label_stim: height = np.float64(0.042)
123.8831 	EXP 	left_label_stim: text = 'Guitar'
123.8831 	EXP 	right_label_stim: height = np.float64(0.042)
123.8831 	EXP 	right_label_stim: height = np.float64(0.042)
123.8831 	EXP 	right_label_stim: height = np.float64(0.042)
123.8831 	EXP 	right_label_stim: text = 'Clock'
123.8831 	EXP 	question_text: text = 'Which is the shortest path distance from the start?'
123.8831 	EXP 	question_text: autoDraw = True
123.8831 	EXP 	cue_image: autoDraw = True
123.8831 	EXP 	cue_label_stim: autoDraw = True
123.8831 	EXP 	left_image: autoDraw = True
123.8831 	EXP 	left_label_stim: autoDraw = True
123.8831 	EXP 	right_image: autoDraw = True
123.8831 	EXP 	right_label_stim: autoDraw = True
124.1059 	EXP 	Device response: <KeyPress from None: t=124.100483599992, value=2, duration=None>
124.1073 	EXP 	New trial (rep=0, index=7): OrderedDict([('cueImage', 'stimuli/maze_clock.png'), ('leftImage', 'stimuli/maze_guitar.png'), ('rightImage', 'stimuli/maze_chair.png'), ('corrAns', 'right'), ('trial_type', 'line'), ('cueLabel', 'Clock'), ('leftLabel', 'Guitar'), ('rightLabel', 'Chair'), ('corrLabel', 'Chair')])
124.1078 	DEPRECATION 	Clock.add() is deprecated in favor of .addTime() due to the counterintuitive design (it added time to the baseline, which reduced the values returned from getTime() )
124.1084 	DATA 	Keypress: 2
124.1142 	EXP 	question_text: autoDraw = False
124.1142 	EXP 	cue_image: autoDraw = False
124.1142 	EXP 	cue_label_stim: autoDraw = False
124.1142 	EXP 	left_image: autoDraw = False
124.1142 	EXP 	left_label_stim: autoDraw = False
124.1142 	EXP 	right_image: autoDraw = False
124.1142 	EXP 	right_label_stim: autoDraw = False
124.1142 	EXP 	fixation: autoDraw = True
124.2898 	EXP 	Device response: <KeyPress from None: t=124.100483599992, value=2, duration=0.1817408999777399>
125.1377 	INFO 	Keyboard events cleared
125.1376 	EXP 	fixation: autoDraw = False
125.1376 	EXP 	cue_image: image = 'stimuli/maze_clock.png'
125.1376 	EXP 	left_image: image = 'stimuli/maze_guitar.png'
125.1376 	EXP 	right_image: image = 'stimuli/maze_chair.png'
125.1376 	EXP 	cue_label_stim: height = np.float64(0.042)
125.1376 	EXP 	cue_label_stim: height = np.float64(0.042)
125.1376 	EXP 	cue_label_stim: height = np.float64(0.042)
125.1376 	EXP 	cue_label_stim: text = 'Clock'
125.1376 	EXP 	left_label_stim: text = 'Guitar'
125.1376 	EXP 	right_label_stim: height = np.float64(0.042)
125.1376 	EXP 	right_label_stim: height = np.float64(0.042)
125.1376 	EXP 	right_label_stim: height = np.float64(0.042)
125.1376 	EXP 	right_label_stim: text = 'Chair'
125.1376 	EXP 	question_text: height = np.float64(0.055)
125.1376 	EXP 	question_text: height = np.float64(0.055)
125.1376 	EXP 	question_text: height = np.float64(0.055)
125.1376 	EXP 	question_text: text = 'Which is the shortest straight-line distance from the start?'
125.1376 	EXP 	question_text: autoDraw = True
125.1376 	EXP 	cue_image: autoDraw = True
125.1376 	EXP 	cue_label_stim: autoDraw = True
125.1376 	EXP 	left_image: autoDraw = True
125.1376 	EXP 	left_label_stim: autoDraw = True
125.1376 	EXP 	right_image: autoDraw = True
125.1376 	EXP 	right_label_stim: autoDraw = True
125.3148 	EXP 	Device response: <KeyPress from None: t=125.30801280000014, value=1, duration=None>
125.3155 	EXP 	New trial (rep=0, index=8): OrderedDict([('cueImage', 'stimuli/maze_chair.png'), ('leftImage', 'stimuli/maze_clock.png'), ('rightImage', 'stimuli/maze_guitar.png'), ('corrAns', 'left'), ('trial_type', 'line'), ('cueLabel', 'Chair'), ('leftLabel', 'Clock'), ('rightLabel', 'Guitar'), ('corrLabel', 'Clock')])
125.3157 	DEPRECATION 	Clock.add() is deprecated in favor of .addTime() due to the counterintuitive design (it added time to the baseline, which reduced the values returned from getTime() )
125.3163 	DATA 	Keypress: 1
125.3229 	EXP 	question_text: autoDraw = False
125.3229 	EXP 	cue_image: autoDraw = False
125.3229 	EXP 	cue_label_stim: autoDraw = False
125.3229 	EXP 	left_image: autoDraw = False
125.3229 	EXP 	left_label_stim: autoDraw = False
125.3229 	EXP 	right_image: autoDraw = False
125.3229 	EXP 	right_label_stim: autoDraw = False
125.3229 	EXP 	fixation: autoDraw = True
125.4897 	EXP 	Device response: <KeyPress from None: t=125.30801280000014, value=1, duration=0.1737161999917589>
126.3435 	INFO 	Keyboard events cleared
126.3434 	EXP 	fixation: autoDraw = False
126.3434 	EXP 	cue_image: image = 'stimuli/maze_chair.png'
126.3434 	EXP 	left_image: image = 'stimuli/maze_clock.png'
126.3434 	EXP 	right_image: image = 'stimuli/maze_guitar.png'
126.3434 	EXP 	cue_label_stim: height = np.float64(0.042)
126.3434 	EXP 	cue_label_stim: height = np.float64(0.042)
126.3434 	EXP 	cue_label_stim: height = np.float64(0.042)
126.3434 	EXP 	cue_label_stim: text = 'Chair'
126.3434 	EXP 	left_label_stim: height = np.float64(0.042)
126.3434 	EXP 	left_label_stim: height = np.float64(0.042)
126.3434 	EXP 	left_label_stim: height = np.float64(0.042)
126.3434 	EXP 	left_label_stim: text = 'Clock'
126.3434 	EXP 	right_label_stim: height = np.float64(0.042)
126.3434 	EXP 	right_label_stim: height = np.float64(0.042)
126.3434 	EXP 	right_label_stim: height = np.float64(0.042)
126.3434 	EXP 	right_label_stim: text = 'Guitar'
126.3434 	EXP 	question_text: text = 'Which is the shortest straight-line distance from the start?'
126.3434 	EXP 	question_text: autoDraw = True
126.3434 	EXP 	cue_image: autoDraw = True
126.3434 	EXP 	cue_label_stim: autoDraw = True
126.3434 	EXP 	left_image: autoDraw = True
126.3434 	EXP 	left_label_stim: autoDraw = True
126.3434 	EXP 	right_image: autoDraw = True
126.3434 	EXP 	right_label_stim: autoDraw = True
126.5153 	EXP 	Device response: <KeyPress from None: t=126.51492879999569, value=2, duration=None>
126.5159 	EXP 	New trial (rep=0, index=9): OrderedDict([('cueImage', 'stimuli/maze_snowman.png'), ('leftImage', 'stimuli/maze_chair.png'), ('rightImage', 'stimuli/maze_compass.png'), ('corrAns', 'right'), ('trial_type', 'route'), ('cueLabel', 'Snowman'), ('leftLabel', 'Chair'), ('rightLabel', 'Compass'), ('corrLabel', 'Compass')])
126.5161 	DEPRECATION 	Clock.add() is deprecated in favor of .addTime() due to the counterintuitive design (it added time to the baseline, which reduced the values returned from getTime() )
126.5166 	DATA 	Keypress: 2
126.5232 	EXP 	question_text: autoDraw = False
126.5232 	EXP 	cue_image: autoDraw = False
126.5232 	EXP 	cue_label_stim: autoDraw = False
126.5232 	EXP 	left_image: autoDraw = False
126.5232 	EXP 	left_label_stim: autoDraw = False
126.5232 	EXP 	right_image: autoDraw = False
126.5232 	EXP 	right_label_stim: autoDraw = False
126.5232 	EXP 	fixation: autoDraw = True
126.6900 	EXP 	Device response: <KeyPress from None: t=126.51492879999569, value=2, duration=0.16839559999061748>
127.5421 	INFO 	Keyboard events cleared
127.5420 	EXP 	fixation: autoDraw = False
127.5420 	EXP 	cue_image: image = 'stimuli/maze_snowman.png'
127.5420 	EXP 	left_image: image = 'stimuli/maze_chair.png'
127.5420 	EXP 	right_image: image = 'stimuli/maze_compass.png'
127.5420 	EXP 	cue_label_stim: height = np.float64(0.042)
127.5420 	EXP 	cue_label_stim: height = np.float64(0.042)
127.5420 	EXP 	cue_label_stim: height = np.float64(0.042)
127.5420 	EXP 	cue_label_stim: text = 'Snowman'
127.5420 	EXP 	left_label_stim: height = np.float64(0.042)
127.5420 	EXP 	left_label_stim: height = np.float64(0.042)
127.5420 	EXP 	left_label_stim: height = np.float64(0.042)
127.5420 	EXP 	left_label_stim: text = 'Chair'
127.5420 	EXP 	right_label_stim: height = np.float64(0.042)
127.5420 	EXP 	right_label_stim: height = np.float64(0.042)
127.5420 	EXP 	right_label_stim: height = np.float64(0.042)
127.5420 	EXP 	right_label_stim: text = 'Compass'
127.5420 	EXP 	question_text: height = np.float64(0.055)
127.5420 	EXP 	question_text: height = np.float64(0.055)
127.5420 	EXP 	question_text: height = np.float64(0.055)
127.5420 	EXP 	question_text: text = 'Which is the shortest path distance from the start?'
127.5420 	EXP 	question_text: autoDraw = True
127.5420 	EXP 	cue_image: autoDraw = True
127.5420 	EXP 	cue_label_stim: autoDraw = True
127.5420 	EXP 	left_image: autoDraw = True
127.5420 	EXP 	left_label_stim: autoDraw = True
127.5420 	EXP 	right_image: autoDraw = True
127.5420 	EXP 	right_label_stim: autoDraw = True
127.7815 	EXP 	Device response: <KeyPress from None: t=127.77957690000767, value=1, duration=None>
127.7822 	EXP 	New trial (rep=0, index=10): OrderedDict([('cueImage', 'stimuli/maze_shuttle.png'), ('leftImage', 'stimuli/maze_umbrella.png'), ('rightImage', 'stimuli/maze_snowman.png'), ('corrAns', 'left'), ('trial_type', 'line'), ('cueLabel', 'Space Shuttle'), ('leftLabel', 'Umbrella'), ('rightLabel', 'Snowman'), ('corrLabel', 'Umbrella')])
127.7828 	DEPRECATION 	Clock.add() is deprecated in favor of .addTime() due to the counterintuitive design (it added time to the baseline, which reduced the values returned from getTime() )
127.7835 	DATA 	Keypress: 1
127.7897 	EXP 	question_text: autoDraw = False
127.7897 	EXP 	cue_image: autoDraw = False
127.7897 	EXP 	cue_label_stim: autoDraw = False
127.7897 	EXP 	left_image: autoDraw = False
127.7897 	EXP 	left_label_stim: autoDraw = False
127.7897 	EXP 	right_image: autoDraw = False
127.7897 	EXP 	right_label_stim: autoDraw = False
127.7897 	EXP 	fixation: autoDraw = True
127.9156 	EXP 	Device response: <KeyPress from None: t=127.77957690000767, value=1, duration=0.13383989996509627>
128.8103 	INFO 	Keyboard events cleared
128.8102 	EXP 	fixation: autoDraw = False
128.8102 	EXP 	cue_image: image = 'stimuli/maze_shuttle.png'
128.8102 	EXP 	left_image: image = 'stimuli/maze_umbrella.png'
128.8102 	EXP 	right_image: image = 'stimuli/maze_snowman.png'
128.8102 	EXP 	cue_label_stim: height = np.float64(0.042)
128.8102 	EXP 	cue_label_stim: height = np.float64(0.042)
128.8102 	EXP 	cue_label_stim: height = np.float64(0.042)
128.8102 	EXP 	cue_label_stim: text = 'Space Shuttle'
128.8102 	EXP 	left_label_stim: height = np.float64(0.042)
128.8102 	EXP 	left_label_stim: height = np.float64(0.042)
128.8102 	EXP 	left_label_stim: height = np.float64(0.042)
128.8102 	EXP 	left_label_stim: text = 'Umbrella'
128.8102 	EXP 	right_label_stim: height = np.float64(0.042)
128.8102 	EXP 	right_label_stim: height = np.float64(0.042)
128.8102 	EXP 	right_label_stim: height = np.float64(0.042)
128.8102 	EXP 	right_label_stim: text = 'Snowman'
128.8102 	EXP 	question_text: height = np.float64(0.055)
128.8102 	EXP 	question_text: height = np.float64(0.055)
128.8102 	EXP 	question_text: height = np.float64(0.055)
128.8102 	EXP 	question_text: text = 'Which is the shortest straight-line distance from the start?'
128.8102 	EXP 	question_text: autoDraw = True
128.8102 	EXP 	cue_image: autoDraw = True
128.8102 	EXP 	cue_label_stim: autoDraw = True
128.8102 	EXP 	left_image: autoDraw = True
128.8102 	EXP 	left_label_stim: autoDraw = True
128.8102 	EXP 	right_image: autoDraw = True
128.8102 	EXP 	right_label_stim: autoDraw = True
129.1818 	EXP 	Device response: <KeyPress from None: t=129.17652749997796, value=2, duration=None>
129.1830 	EXP 	New trial (rep=0, index=11): OrderedDict([('cueImage', 'stimuli/maze_clock.png'), ('leftImage', 'stimuli/maze_compass.png'), ('rightImage', 'stimuli/maze_guitar.png'), ('corrAns', 'left'), ('trial_type', 'route'), ('cueLabel', 'Clock'), ('leftLabel', 'Compass'), ('rightLabel', 'Guitar'), ('corrLabel', 'Compass')])
129.1834 	DEPRECATION 	Clock.add() is deprecated in favor of .addTime() due to the counterintuitive design (it added time to the baseline, which reduced the values returned from getTime() )
129.1838 	DATA 	Keypress: 2
129.1899 	EXP 	question_text: autoDraw = False
129.1899 	EXP 	cue_image: autoDraw = False
129.1899 	EXP 	cue_label_stim: autoDraw = False
129.1899 	EXP 	left_image: autoDraw = False
129.1899 	EXP 	left_label_stim: autoDraw = False
129.1899 	EXP 	right_image: autoDraw = False
129.1899 	EXP 	right_label_stim: autoDraw = False
129.1899 	EXP 	fixation: autoDraw = True
129.3066 	EXP 	Device response: <KeyPress from None: t=129.17652749997796, value=2, duration=0.12511770002311096>
130.2097 	INFO 	Keyboard events cleared
130.2096 	EXP 	fixation: autoDraw = False
130.2096 	EXP 	cue_image: image = 'stimuli/maze_clock.png'
130.2096 	EXP 	left_image: image = 'stimuli/maze_compass.png'
130.2096 	EXP 	right_image: image = 'stimuli/maze_guitar.png'
130.2096 	EXP 	cue_label_stim: height = np.float64(0.042)
130.2096 	EXP 	cue_label_stim: height = np.float64(0.042)
130.2096 	EXP 	cue_label_stim: height = np.float64(0.042)
130.2096 	EXP 	cue_label_stim: text = 'Clock'
130.2096 	EXP 	left_label_stim: height = np.float64(0.042)
130.2096 	EXP 	left_label_stim: height = np.float64(0.042)
130.2096 	EXP 	left_label_stim: height = np.float64(0.042)
130.2096 	EXP 	left_label_stim: text = 'Compass'
130.2096 	EXP 	right_label_stim: height = np.float64(0.042)
130.2096 	EXP 	right_label_stim: height = np.float64(0.042)
130.2096 	EXP 	right_label_stim: height = np.float64(0.042)
130.2096 	EXP 	right_label_stim: text = 'Guitar'
130.2096 	EXP 	question_text: height = np.float64(0.055)
130.2096 	EXP 	question_text: height = np.float64(0.055)
130.2096 	EXP 	question_text: height = np.float64(0.055)
130.2096 	EXP 	question_text: text = 'Which is the shortest path distance from the start?'
130.2096 	EXP 	question_text: autoDraw = True
130.2096 	EXP 	cue_image: autoDraw = True
130.2096 	EXP 	cue_label_stim: autoDraw = True
130.2096 	EXP 	left_image: autoDraw = True
130.2096 	EXP 	left_label_stim: autoDraw = True
130.2096 	EXP 	right_image: autoDraw = True
130.2096 	EXP 	right_label_stim: autoDraw = True
130.6004 	EXP 	Device response: <KeyPress from None: t=130.5946231999551, value=1, duration=None>
130.6011 	EXP 	New trial (rep=0, index=12): OrderedDict([('cueImage', 'stimuli/maze_snowman.png'), ('leftImage', 'stimuli/maze_compass.png'), ('rightImage', 'stimuli/maze_lampPost.png'), ('corrAns', 'left'), ('trial_type', 'line'), ('cueLabel', 'Snowman'), ('leftLabel', 'Compass'), ('rightLabel', 'Lamp Post'), ('corrLabel', 'Compass')])
130.6014 	DEPRECATION 	Clock.add() is deprecated in favor of .addTime() due to the counterintuitive design (it added time to the baseline, which reduced the values returned from getTime() )
130.6017 	DATA 	Keypress: 1
130.6067 	EXP 	question_text: autoDraw = False
130.6067 	EXP 	cue_image: autoDraw = False
130.6067 	EXP 	cue_label_stim: autoDraw = False
130.6067 	EXP 	left_image: autoDraw = False
130.6067 	EXP 	left_label_stim: autoDraw = False
130.6067 	EXP 	right_image: autoDraw = False
130.6067 	EXP 	right_label_stim: autoDraw = False
130.6067 	EXP 	fixation: autoDraw = True
130.7738 	EXP 	Device response: <KeyPress from None: t=130.5946231999551, value=1, duration=0.17110420000972226>
131.6262 	INFO 	Keyboard events cleared
131.6261 	EXP 	fixation: autoDraw = False
131.6261 	EXP 	cue_image: image = 'stimuli/maze_snowman.png'
131.6261 	EXP 	left_image: image = 'stimuli/maze_compass.png'
131.6261 	EXP 	right_image: image = 'stimuli/maze_lampPost.png'
131.6261 	EXP 	cue_label_stim: height = np.float64(0.042)
131.6261 	EXP 	cue_label_stim: height = np.float64(0.042)
131.6261 	EXP 	cue_label_stim: height = np.float64(0.042)
131.6261 	EXP 	cue_label_stim: text = 'Snowman'
131.6261 	EXP 	left_label_stim: text = 'Compass'
131.6261 	EXP 	right_label_stim: height = np.float64(0.042)
131.6261 	EXP 	right_label_stim: height = np.float64(0.042)
131.6261 	EXP 	right_label_stim: height = np.float64(0.042)
131.6261 	EXP 	right_label_stim: text = 'Lamp Post'
131.6261 	EXP 	question_text: height = np.float64(0.055)
131.6261 	EXP 	question_text: height = np.float64(0.055)
131.6261 	EXP 	question_text: height = np.float64(0.055)
131.6261 	EXP 	question_text: text = 'Which is the shortest straight-line distance from the start?'
131.6261 	EXP 	question_text: autoDraw = True
131.6261 	EXP 	cue_image: autoDraw = True
131.6261 	EXP 	cue_label_stim: autoDraw = True
131.6261 	EXP 	left_image: autoDraw = True
131.6261 	EXP 	left_label_stim: autoDraw = True
131.6261 	EXP 	right_image: autoDraw = True
131.6261 	EXP 	right_label_stim: autoDraw = True
131.8912 	DATA 	Keypress: 2
131.8988 	EXP 	Device response: <KeyPress from None: t=131.8909338999656, value=2, duration=None>
131.8996 	EXP 	New trial (rep=0, index=13): OrderedDict([('cueImage', 'stimuli/maze_guitar.png'), ('leftImage', 'stimuli/maze_clock.png'), ('rightImage', 'stimuli/maze_umbrella.png'), ('corrAns', 'right'), ('trial_type', 'route'), ('cueLabel', 'Guitar'), ('leftLabel', 'Clock'), ('rightLabel', 'Umbrella'), ('corrLabel', 'Umbrella')])
131.8998 	DEPRECATION 	Clock.add() is deprecated in favor of .addTime() due to the counterintuitive design (it added time to the baseline, which reduced the values returned from getTime() )
131.9074 	EXP 	question_text: autoDraw = False
131.9074 	EXP 	cue_image: autoDraw = False
131.9074 	EXP 	cue_label_stim: autoDraw = False
131.9074 	EXP 	left_image: autoDraw = False
131.9074 	EXP 	left_label_stim: autoDraw = False
131.9074 	EXP 	right_image: autoDraw = False
131.9074 	EXP 	right_label_stim: autoDraw = False
131.9074 	EXP 	fixation: autoDraw = True
132.0324 	EXP 	Device response: <KeyPress from None: t=131.8909338999656, value=2, duration=0.13987920002546161>
132.9284 	INFO 	Keyboard events cleared
132.9283 	EXP 	fixation: autoDraw = False
132.9283 	EXP 	cue_image: image = 'stimuli/maze_guitar.png'
132.9283 	EXP 	left_image: image = 'stimuli/maze_clock.png'
132.9283 	EXP 	right_image: image = 'stimuli/maze_umbrella.png'
132.9283 	EXP 	cue_label_stim: height = np.float64(0.042)
132.9283 	EXP 	cue_label_stim: height = np.float64(0.042)
132.9283 	EXP 	cue_label_stim: height = np.float64(0.042)
132.9283 	EXP 	cue_label_stim: text = 'Guitar'
132.9283 	EXP 	left_label_stim: height = np.float64(0.042)
132.9283 	EXP 	left_label_stim: height = np.float64(0.042)
132.9283 	EXP 	left_label_stim: height = np.float64(0.042)
132.9283 	EXP 	left_label_stim: text = 'Clock'
132.9283 	EXP 	right_label_stim: height = np.float64(0.042)
132.9283 	EXP 	right_label_stim: height = np.float64(0.042)
132.9283 	EXP 	right_label_stim: height = np.float64(0.042)
132.9283 	EXP 	right_label_stim: text = 'Umbrella'
132.9283 	EXP 	question_text: height = np.float64(0.055)
132.9283 	EXP 	question_text: height = np.float64(0.055)
132.9283 	EXP 	question_text: height = np.float64(0.055)
132.9283 	EXP 	question_text: text = 'Which is the shortest path distance from the start?'
132.9283 	EXP 	question_text: autoDraw = True
132.9283 	EXP 	cue_image: autoDraw = True
132.9283 	EXP 	cue_label_stim: autoDraw = True
132.9283 	EXP 	left_image: autoDraw = True
132.9283 	EXP 	left_label_stim: autoDraw = True
132.9283 	EXP 	right_image: autoDraw = True
132.9283 	EXP 	right_label_stim: autoDraw = True
133.2327 	EXP 	Device response: <KeyPress from None: t=133.2293753999984, value=1, duration=None>
133.2337 	EXP 	New trial (rep=0, index=14): OrderedDict([('cueImage', 'stimuli/maze_lampPost.png'), ('leftImage', 'stimuli/maze_shuttle.png'), ('rightImage', 'stimuli/maze_snowman.png'), ('corrAns', 'left'), ('trial_type', 'line'), ('cueLabel', 'Lamp Post'), ('leftLabel', 'Space Shuttle'), ('rightLabel', 'Snowman'), ('corrLabel', 'Space Shuttle')])
133.2340 	DEPRECATION 	Clock.add() is deprecated in favor of .addTime() due to the counterintuitive design (it added time to the baseline, which reduced the values returned from getTime() )
133.2349 	DATA 	Keypress: 1
133.2404 	EXP 	question_text: autoDraw = False
133.2404 	EXP 	cue_image: autoDraw = False
133.2404 	EXP 	cue_label_stim: autoDraw = False
133.2404 	EXP 	left_image: autoDraw = False
133.2404 	EXP 	left_label_stim: autoDraw = False
133.2404 	EXP 	right_image: autoDraw = False
133.2404 	EXP 	right_label_stim: autoDraw = False
133.2404 	EXP 	fixation: autoDraw = True
133.4074 	EXP 	Device response: <KeyPress from None: t=133.2293753999984, value=1, duration=0.1761135999695398>
134.2632 	INFO 	Keyboard events cleared
134.2631 	EXP 	fixation: autoDraw = False
134.2631 	EXP 	cue_image: image = 'stimuli/maze_lampPost.png'
134.2631 	EXP 	left_image: image = 'stimuli/maze_shuttle.png'
134.2631 	EXP 	right_image: image = 'stimuli/maze_snowman.png'
134.2631 	EXP 	cue_label_stim: height = np.float64(0.042)
134.2631 	EXP 	cue_label_stim: height = np.float64(0.042)
134.2631 	EXP 	cue_label_stim: height = np.float64(0.042)
134.2631 	EXP 	cue_label_stim: text = 'Lamp Post'
134.2631 	EXP 	left_label_stim: height = np.float64(0.042)
134.2631 	EXP 	left_label_stim: height = np.float64(0.042)
134.2631 	EXP 	left_label_stim: height = np.float64(0.042)
134.2631 	EXP 	left_label_stim: text = 'Space Shuttle'
134.2631 	EXP 	right_label_stim: height = np.float64(0.042)
134.2631 	EXP 	right_label_stim: height = np.float64(0.042)
134.2631 	EXP 	right_label_stim: height = np.float64(0.042)
134.2631 	EXP 	right_label_stim: text = 'Snowman'
134.2631 	EXP 	question_text: height = np.float64(0.055)
134.2631 	EXP 	question_text: height = np.float64(0.055)
134.2631 	EXP 	question_text: height = np.float64(0.055)
134.2631 	EXP 	question_text: text = 'Which is the shortest straight-line distance from the start?'
134.2631 	EXP 	question_text: autoDraw = True
134.2631 	EXP 	cue_image: autoDraw = True
134.2631 	EXP 	cue_label_stim: autoDraw = True
134.2631 	EXP 	left_image: autoDraw = True
134.2631 	EXP 	left_label_stim: autoDraw = True
134.2631 	EXP 	right_image: autoDraw = True
134.2631 	EXP 	right_label_stim: autoDraw = True
134.6156 	EXP 	Device response: <KeyPress from None: t=134.61466580000706, value=2, duration=None>
134.6163 	EXP 	New trial (rep=0, index=15): OrderedDict([('cueImage', 'stimuli/maze_lampPost.png'), ('leftImage', 'stimuli/maze_snowman.png'), ('rightImage', 'stimuli/maze_shuttle.png'), ('corrAns', 'right'), ('trial_type', 'route'), ('cueLabel', 'Lamp Post'), ('leftLabel', 'Snowman'), ('rightLabel', 'Space Shuttle'), ('corrLabel', 'Space Shuttle')])
134.6165 	DEPRECATION 	Clock.add() is deprecated in favor of .addTime() due to the counterintuitive design (it added time to the baseline, which reduced the values returned from getTime() )
134.6170 	DATA 	Keypress: 2
134.6239 	EXP 	question_text: autoDraw = False
134.6239 	EXP 	cue_image: autoDraw = False
134.6239 	EXP 	cue_label_stim: autoDraw = False
134.6239 	EXP 	left_image: autoDraw = False
134.6239 	EXP 	left_label_stim: autoDraw = False
134.6239 	EXP 	right_image: autoDraw = False
134.6239 	EXP 	right_label_stim: autoDraw = False
134.6239 	EXP 	fixation: autoDraw = True
134.7163 	EXP 	Device response: <KeyPress from None: t=134.61466580000706, value=2, duration=0.09530509996693581>
135.6469 	INFO 	Keyboard events cleared
135.6468 	EXP 	fixation: autoDraw = False
135.6468 	EXP 	cue_image: image = 'stimuli/maze_lampPost.png'
135.6468 	EXP 	left_image: image = 'stimuli/maze_snowman.png'
135.6468 	EXP 	right_image: image = 'stimuli/maze_shuttle.png'
135.6468 	EXP 	cue_label_stim: text = 'Lamp Post'
135.6468 	EXP 	left_label_stim: height = np.float64(0.042)
135.6468 	EXP 	left_label_stim: height = np.float64(0.042)
135.6468 	EXP 	left_label_stim: height = np.float64(0.042)
135.6468 	EXP 	left_label_stim: text = 'Snowman'
135.6468 	EXP 	right_label_stim: height = np.float64(0.042)
135.6468 	EXP 	right_label_stim: height = np.float64(0.042)
135.6468 	EXP 	right_label_stim: height = np.float64(0.042)
135.6468 	EXP 	right_label_stim: text = 'Space Shuttle'
135.6468 	EXP 	question_text: height = np.float64(0.055)
135.6468 	EXP 	question_text: height = np.float64(0.055)
135.6468 	EXP 	question_text: height = np.float64(0.055)
135.6468 	EXP 	question_text: text = 'Which is the shortest path distance from the start?'
135.6468 	EXP 	question_text: autoDraw = True
135.6468 	EXP 	cue_image: autoDraw = True
135.6468 	EXP 	cue_label_stim: autoDraw = True
135.6468 	EXP 	left_image: autoDraw = True
135.6468 	EXP 	left_label_stim: autoDraw = True
135.6468 	EXP 	right_image: autoDraw = True
135.6468 	EXP 	right_label_stim: autoDraw = True
135.8825 	EXP 	Device response: <KeyPress from None: t=135.8815907999524, value=1, duration=None>
135.8876 	INFO 	saved data to F:\Github\PaperFolding\data/123_GraphMaze_Navigation_2026-10-02_20h47.33.679brick_trials.csv
135.8910 	INFO 	saved data to F:\Github\PaperFolding\data/123_GraphMaze_Navigation_2026-10-02_20h47.33.679hedge_trials.csv
135.8929 	DATA 	Keypress: 1
135.8948 	INFO 	Keyboard events cleared
135.8948 	EXP 	question_text: autoDraw = False
135.8948 	EXP 	cue_image: autoDraw = False
135.8948 	EXP 	cue_label_stim: autoDraw = False
135.8948 	EXP 	left_image: autoDraw = False
135.8948 	EXP 	left_label_stim: autoDraw = False
135.8948 	EXP 	right_image: autoDraw = False
135.8948 	EXP 	right_label_stim: autoDraw = False
135.8948 	EXP 	thankyou: autoDraw = True
135.8948 	EXP 	finalslide: autoDraw = True
136.0245 	EXP 	Device response: <KeyPress from None: t=135.8815907999524, value=1, duration=0.13637650001328439>
137.3741 	EXP 	Device response: <KeyPress from None: t=137.36777959996834, value=2, duration=None>
137.3747 	DATA 	Keypress: 2
137.3823 	EXP 	thankyou: autoDraw = False
137.3823 	EXP 	finalslide: autoDraw = False
137.3871 	INFO 	saved data to 'F:\\Github\\PaperFolding\\data/123_GraphMaze_Navigation_2026-10-02_20h47.33.679.csv'
137.3881 	INFO 	saved data to F:\Github\PaperFolding\data/123_GraphMaze_Navigation_2026-10-02_20h47.33.679.psydat
137.4836 	DEBUG 	Saving data for GraphMaze_Navigation ExperimentHandler
137.4929 	INFO 	Stopping keyboard key buffers.
